SURVIVOR_ID	TP	Prediction	Prob
PD_8	0	0	0.48840705
PD_14	1	1	0.94067043
A_INS_1	0	0	0.05522605
PD_23	1	1	0.9245459
PD_24	1	1	0.69104403
PD_28	1	1	0.9517375
PD_35	1	1	0.71050155
DUP00000036	1	0	0.27354658
A_INS_3	0	0	0.015332415
MantaINS:7730:1:1:0:0:0	1	1	0.98091334
A_INS_4	0	1	0.5340694
S_INS_13	1	1	0.95145744
PD_58	1	1	0.9408287
DUP00000061	0	0	0.21880127
A_INS_6	1	1	0.89442754
PD_76	1	1	0.92953765
vh_mei_2	0	0	0.046028133
T_INS_3	1	1	0.7751887
vh_mei_3	0	0	0.40672663
vh_mei_4	0	0	0.40922147
MantaINS:8053:0:0:0:2:0	1	1	0.88228685
vh_mei_6	1	1	0.74006623
vh_mei_7	0	1	0.5271455
T_INS_8	1	1	0.97654414
T_INS_9	1	1	0.8515499
A_INS_22	0	0	0.014818437
PD_172	0	0	0.047473814
MantaINS:8473:0:0:0:0:0	0	1	0.50578827
S_INS_47	1	1	0.75514174
vh_mei_9	0	0	0.36504814
A_INS_30	0	0	0.10137707
A_INS_31	0	0	0.043237537
S_INS_55	1	1	0.9750454
PD_220	1	1	0.9773167
PD_224	1	1	0.9828651
S_INS_60	1	1	0.9780286
A_INS_35	0	0	0.03479363
T_INS_16	1	1	0.9258949
PD_239	1	1	0.9747209
PD_264	1	1	0.9769533
MantaINS:8944:0:0:0:0:0	1	1	0.9299375
T_INS_18	1	1	0.9745711
PD_271	1	1	0.9308443
T_INS_19	1	1	0.7531857
T_INS_20	0	1	0.7700648
A_INS_51	1	0	0.48397574
PD_290	0	0	0.18715724
MantaINS:9075:0:0:0:0:0	1	1	0.97985464
PD_298	1	1	0.5353923
PD_300	1	0	0.23109831
vh_mei_10	0	0	0.11076015
T_INS_21	1	1	0.8858223
PD_309	0	0	0.33551568
A_INS_59	1	1	0.92798185
vh_mei_12	0	0	0.30440015
vh_mei_13	1	1	0.87581503
PD_323	1	1	0.9474931
A_INS_66	1	1	0.98450893
S_INS_74	1	1	0.8499132
PD_347	1	1	0.960998
PD_348	0	0	0.3210718
T_INS_23	1	1	0.98487663
PD_349	0	0	0.46874133
MantaINS:9436:0:0:0:0:0	1	1	0.98567885
A_INS_67	0	0	0.023450691
PD_351	0	0	0.2861958
vh_mei_15	0	0	0.037887484
vh_mei_16	0	1	0.5330571
T_INS_24	1	1	0.9532784
PD_356	0	0	0.17890598
vh_mei_17	0	0	0.13390388
MantaINS:9570:0:0:0:0:1	1	1	0.9384401
A_INS_73	0	0	0.023299415
A_INS_75	1	0	0.35038525
PD_372	0	0	0.43711936
vh_mei_19	0	0	0.015426587
vh_mei_20	1	1	0.5150708
PD_388	1	1	0.73316675
T_INS_27	1	1	0.96692914
vh_mei_21	1	1	0.97266203
PD_397	1	1	0.7313134
PD_398	0	0	0.19392675
S_INS_86	1	1	0.98437494
PD_400	0	0	0.40572846
MantaINS:9886:0:0:0:0:0	1	1	0.99298674
A_INS_86	1	1	0.95333964
PD_418	0	0	0.13336615
vh_mei_22	1	1	0.90150696
vh_mei_23	0	0	0.06824427
vh_mei_25	0	0	0.036993936
MantaINS:10184:0:0:0:0:0	1	1	0.982631
MantaINS:10382:0:0:0:0:0	1	1	0.9315617
vh_mei_27	0	1	0.65655184
vh_mei_28	1	1	0.9721924
PD_536	0	0	0.13002518
PD_541	1	1	0.8542808
vh_mei_29	0	1	0.62114185
vh_mei_30	0	0	0.07418723
T_INS_38	1	1	0.65186906
vh_mei_31	0	0	0.059392568
T_INS_39	1	1	0.98515064
vh_mei_32	0	0	0.094329126
T_INS_40	1	1	0.99438936
PD_596	0	0	0.08358614
MantaINS:11057:0:0:0:0:0	1	1	0.82830405
PD_602	0	1	0.8133144
PD_618	1	1	0.97146434
vh_mei_33	0	0	0.034074575
T_INS_41	1	1	0.9898441
PD_643	0	0	0.13002518
A_INS_110	1	1	0.5833942
PD_672	1	1	0.9747209
vh_mei_34	0	0	0.07563643
T_INS_42	1	1	0.8794759
vh_mei_36	0	0	0.13390388
64	1	1	0.8713763
vh_mei_37	0	0	0.06668021
vh_mei_38	1	1	0.99042046
vh_mei_39	0	0	0.23655254
T_INS_44	1	1	0.99044865
 vh_dup_3	0	0	0.14582236
PD_727	1	1	0.9303941
S_INS_132	1	1	0.9842785
MantaINS:11653:0:0:0:0:0	1	1	0.96436787
PD_745	1	1	0.96392405
 vh_dup_4	0	0	0.14582236
vh_mei_40	1	1	0.98362285
vh_mei_41	0	0	0.036061063
T_INS_46	1	1	0.850187
PD_763	1	1	0.7028613
PD_781	1	1	0.97984916
PD_780	0	0	0.465799
PD_786	1	1	0.7354119
vh_mei_42	0	0	0.23655254
T_INS_48	1	1	0.9831865
MantaINS:12030:0:0:0:0:0	1	1	0.9907369
A_INS_121	0	0	0.033090167
vh_mei_44	1	1	0.7603517
MantaINS:12154:0:0:0:0:1	1	1	0.6746977
S_INS_154	1	1	0.8952225
PD_848	1	0	0.40427002
vh_mei_45	1	1	0.9802711
S_INS_156	1	1	0.98220414
vh_mei_46	1	0	0.46334872
T_INS_53	1	1	0.922992
PD_865	0	0	0.19021973
PD_888	1	0	0.35262936
vh_mei_47	1	1	0.98215747
A_INS_131	0	0	0.01727635
vh_mei_48	1	1	0.99196106
T_INS_59	1	1	0.99408215
S_INS_161	1	1	0.9916618
MantaINS:12605:0:0:0:0:0	1	1	0.99202675
vh_mei_49	0	0	0.06824427
T_INS_60	1	1	0.9598503
vh_mei_50	1	1	0.9916505
T_INS_63	1	1	0.9874582
PD_992	0	0	0.17685966
T_INS_64	1	1	0.9804489
PD_1001	1	1	0.9380554
A_INS_137	0	0	0.3434859
vh_mei_51	1	1	0.95178676
vh_mei_52	0	1	0.6554609
MantaINS:12892:0:0:0:0:0	1	1	0.8618118
INS00000588	1	1	0.8272722
MantaINS:12988:0:0:0:0:0	1	1	0.9673867
vh_mei_54	1	1	0.9781877
T_INS_68	1	1	0.7714049
vh_mei_55	1	0	0.4842275
A_INS_145	0	0	0.022579737
vh_mei_56	1	1	0.9385036
PD_1095	1	1	0.98358315
T_INS_71	1	1	0.96944314
vh_mei_57	1	1	0.90218884
vh_mei_58	0	1	0.5013965
T_INS_74	0	0	0.1536315
PD_1358	0	0	0.44293037
S_INS_207	1	1	0.97996074
PD_1380	0	0	0.11338496
PD_1383	0	0	0.08550008
DUP00000739	0	0	0.058510218
vh_mei_59	0	0	0.016753506
T_INS_76	1	1	0.81248075
vh_mei_60	1	1	0.9129512
vh_mei_61	0	0	0.15449351
vh_mei_62	0	0	0.030628042
A_INS_174	0	0	0.06827433
PD_1437	0	0	0.1276841
vh_mei_64	1	1	0.8387224
PD_1458	0	0	0.21102227
PD_1464	0	1	0.69356537
PD_1469	1	0	0.34827405
vh_mei_66	1	1	0.78996956
vh_mei_67	1	1	0.5187885
PD_1491	1	0	0.46091196
vh_mei_68	0	1	0.6038989
MantaINS:14431:0:0:0:0:0	1	1	0.98241055
vh_mei_69	0	0	0.056128528
T_INS_82	1	1	0.89594674
PD_1520	0	0	0.20425227
A_INS_185	1	1	0.91092825
T_INS_83	1	1	0.87703425
PD_1548	1	1	0.97034216
PD_1552	1	1	0.9864476
MantaINS:14677:0:0:0:0:0	1	1	0.98557717
MantaINS:14746:0:0:0:0:0	1	1	0.99217683
vh_mei_70	0	0	0.03129917
T_INS_84	1	1	0.98369145
MantaINS:14920:0:1:0:0:0	0	0	0.3889979
vh_mei_71	0	0	0.016753506
T_INS_86	1	1	0.9826179
vh_mei_73	1	1	0.9083962
MantaINS:15139:0:0:0:0:0	1	1	0.9824274
vh_mei_74	1	1	0.99199945
A_INS_192	0	0	0.019280178
vh_mei_75	1	1	0.99065405
PD_1632	0	0	0.328143
A_INS_194	1	1	0.90067124
A_INS_196	1	0	0.42517295
MantaINS:15356:0:0:0:0:0	1	1	0.99384224
vh_mei_76	1	1	0.9788319
vh_mei_77	1	1	0.97944057
DUP00000905	0	0	0.07557676
S_INS_240	1	1	0.98208034
vh_mei_78	1	1	0.9915816
vh_mei_79	1	1	0.9856609
PD_1730	0	1	0.6271574
vh_mei_80	1	1	0.9851908
T_INS_97	1	1	0.9948085
PD_1747	1	1	0.90571016
PD_1753	1	1	0.97034734
MantaINS:12127:1:1:1:0:0	1	1	0.96014565
vh_mei_82	1	1	0.7493037
vh_mei_83	1	1	0.9623276
T_INS_101	0	1	0.7256739
MantaINS:15841:0:0:1:1:0	0	1	0.7006562
PD_1777	0	0	0.14721176
vh_mei_84	1	1	0.91736287
T_INS_103	1	1	0.94020754
A_INS_202	0	0	0.44778362
MantaINS:15947:0:0:0:0:0	1	1	0.9813613
MantaINS:15987:0:0:0:0:0	1	1	0.9919552
vh_mei_85	0	0	0.2941355
PD_1855	1	1	0.9638419
PD_1866	0	0	0.33876514
PD_1870	1	1	0.82459724
S_INS_263	1	1	0.98968714
PD_1880	1	1	0.9447037
PD_1894	1	1	0.9697739
PD_1903	1	1	0.7733077
PD_1914	1	1	0.9205303
MantaINS:16671:0:0:0:0:0	1	1	0.9494795
PD_1919	1	1	0.6411713
vh_mei_88	0	0	0.20062493
DUP00001037	0	0	0.08607934
PD_1958	0	0	0.251521
MantaINS:16910:0:0:0:0:0	1	1	0.98462415
vh_mei_89	1	1	0.93742317
PD_1972	1	1	0.64203477
A_INS_211	1	1	0.9025738
A_INS_212	0	0	0.020545734
vh_mei_91	1	1	0.7008194
T_INS_111	1	1	0.89989
MantaINS:17056:0:0:0:0:0	1	1	0.9918841
PD_1993	0	1	0.76682746
vh_mei_93	0	0	0.028744766
S_INS_285	1	1	0.94367266
MantaINS:17241:0:0:0:0:0	1	1	0.98522794
PD_2030	1	1	0.8042906
PD_2056	0	0	0.058860406
A_INS_223	0	0	0.11636593
MantaINS:17430:0:0:0:0:0	1	1	0.9621994
MantaINS:17447:0:0:0:0:0	1	1	0.9530278
A_INS_225	0	0	0.48334706
vh_mei_97	0	0	0.030628042
T_INS_116	1	1	0.9935848
PD_2075	0	0	0.049856756
MantaINS:17493:0:0:0:0:0	1	1	0.8723318
MantaINS:17529:0:0:0:1:0	1	1	0.87979263
vh_mei_98	0	0	0.030628042
A_INS_229	1	1	0.94720024
MantaINS:17559:0:0:0:0:0	1	1	0.97413105
PD_2087	1	0	0.29545683
vh_mei_99	0	0	0.21358624
A_INS_230	1	1	0.95744264
vh_mei_100	1	1	0.94368285
vh_mei_101	1	1	0.9642126
T_INS_120	1	1	0.9397394
MantaINS:17855:0:0:0:0:0	1	1	0.8079059
MantaINS:17861:0:0:0:0:0	1	1	0.8846112
MantaINS:17904:0:0:0:0:0	1	1	0.92855114
T_INS_122	1	1	0.99575764
PD_2193	0	0	0.085008055
S_INS_304	0	0	0.11122409
MantaINS:18031:0:0:0:0:0	1	1	0.9767745
vh_mei_103	1	1	0.9720757
PD_2250	1	1	0.9747209
PD_2259	0	0	0.07698504
PD_2260	1	1	0.97972107
T_INS_124	1	1	0.9786612
MantaINS:18227:0:0:0:0:0	1	1	0.76277274
S_INS_314	1	1	0.9454706
vh_mei_104	1	1	0.97196746
vh_mei_105	0	1	0.6554609
vh_mei_106	0	0	0.034977272
A_INS_248	1	1	0.9300457
vh_mei_107	1	0	0.3617513
A_INS_249	1	1	0.72118825
PD_2304	1	1	0.98410654
PD_2306	1	1	0.9712237
PD_2319	1	1	0.6208559
A_INS_251	0	0	0.02097952
T_INS_128	1	1	0.9401477
PD_2338	0	0	0.462696
T_INS_129	0	1	0.6393376
PD_2383	1	1	0.7889655
T_INS_131	0	0	0.33553118
PD_2409	0	1	0.5832404
PD_2413	0	1	0.83838475
PD_2421	0	1	0.5354816
 vh_dup_9	0	0	0.020142782
DUP00001278	0	0	0.14939891
PD_2437	1	1	0.9672879
DUP00001286	0	0	0.2847352
PD_2448	1	1	0.7648937
PD_2454	0	0	0.34524226
vh_mei_108	1	1	0.97529715
T_INS_134	1	1	0.9881814
S_INS_336	1	1	0.92626566
vh_mei_109	1	0	0.07300108
MantaINS:27762:0:0:0:0:1	1	1	0.97774
vh_mei_110	1	1	0.97480243
A_INS_264	1	1	0.6121759
PD_2508	0	0	0.34202042
PD_2517	1	1	0.9522772
T_INS_136	1	1	0.8887065
vh_mei_111	1	1	0.98830986
vh_mei_112	0	0	0.069868006
PD_2560	1	1	0.85298884
vh_mei_114	1	1	0.991409
MantaDUP:TANDEM:28266:1:2:0:0:0	0	0	0.3531942
MantaINS:28345:0:0:1:0:0	1	1	0.98004603
PD_2621	1	1	0.96005917
PD_2626	0	0	0.42397422
PD_2631	0	0	0.11432444
vh_mei_115	1	1	0.9765445
MantaINS:28514:0:0:0:0:0	1	1	0.9353782
T_INS_141	1	1	0.97429615
vh_mei_117	0	0	0.122940086
T_INS_142	1	1	0.9765495
A_INS_273	0	0	0.01619193
A_INS_277	0	0	0.069675535
vh_mei_118	1	1	0.9594797
T_INS_144	1	1	0.98038244
T_INS_145	1	1	0.9816419
DUP00001513	0	0	0.030561903
vh_mei_119	1	1	0.6042897
MantaINS:28881:0:0:0:0:0	1	1	0.99181163
MantaINS:28908:0:0:0:0:0	1	1	0.8144051
vh_mei_120	1	1	0.98883784
vh_mei_121	1	1	0.9721414
T_INS_150	1	1	0.98189455
PD_2724	1	0	0.41169602
vh_mei_156	0	0	0.07418723
vh_mei_157	1	1	0.988684
MantaINS:29231:0:0:0:0:0	1	1	0.9180962
PD_2777	1	1	0.61723757
A_INS_291	0	0	0.01000508
PD_2784	1	1	0.9544492
vh_mei_160	1	1	0.9794017
T_INS_157	0	0	0.2675326
vh_mei_161	1	1	0.8976147
S_INS_399	1	1	0.98419464
T_INS_159	1	1	0.95248425
A_INS_293	1	1	0.82647616
vh_mei_162	1	1	0.7493037
MantaINS:29640:0:0:0:0:0	1	1	0.9588649
S_INS_405	1	1	0.9309084
PD_2838	1	1	0.92751336
vh_mei_163	1	1	0.9835328
vh_mei_164	0	0	0.07418723
MantaINS:29737:0:0:0:1:0	1	1	0.9740383
vh_mei_165	1	0	0.43446743
vh_mei_166	0	1	0.5577943
PD_2866	1	1	0.98376507
MantaINS:29822:0:0:0:0:0	1	1	0.86785567
vh_mei_167	1	1	0.97892636
vh_mei_168	1	1	0.98577785
PD_2890	1	1	0.87953544
vh_mei_169	1	1	0.7214694
A_INS_309	0	1	0.5172019
T_INS_164	1	1	0.829579
PD_2928	1	1	0.5651548
PD_2931	1	1	0.97419864
A_INS_315	0	0	0.029214818
vh_mei_170	0	0	0.08028147
vh_mei_171	1	1	0.97571236
vh_mei_172	0	0	0.058673378
T_INS_166	1	1	0.99408275
MantaINS:30528:0:0:0:0:1	0	1	0.66470736
PD_2980	0	0	0.2451664
S_INS_428	1	1	0.9829915
T_INS_168	1	1	0.9898309
PD_3013	0	0	0.45175636
vh_mei_173	1	1	0.9717935
A_INS_324	0	0	0.023123808
PD_3038	0	1	0.5058223
vh_mei_174	1	0	0.49691835
MantaINS:30972:0:0:0:0:0	1	1	0.96356314
S_INS_440	1	1	0.9906148
PD_3079	0	0	0.07610318
vh_mei_177	1	1	0.5811393
PD_3105	1	1	0.9713309
vh_mei_178	0	0	0.12513126
T_INS_170	1	1	0.89232224
vh_mei_179	0	0	0.08028147
vh_mei_180	0	0	0.16677612
vh_mei_181	1	1	0.9932352
vh_mei_182	1	1	0.78996956
PD_3155	0	0	0.101886034
S_INS_451	0	1	0.9104765
PD_3292	1	1	0.95078814
MantaINS:31720:0:0:0:0:0	1	1	0.9658928
MantaINS:31870:0:0:0:0:0	1	1	0.9825462
T_INS_180	1	1	0.9673949
vh_mei_185	1	1	0.9858695
PD_3365	0	0	0.23996691
PD_3374	0	0	0.28856337
A_INS_344	0	0	0.1337977
vh_mei_186	1	1	0.9858828
vh_mei_187	1	1	0.6830449
PD_3409	1	1	0.9747667
PD_3427	0	0	0.2482491
PD_3436	0	0	0.3551909
T_INS_187	1	1	0.93562603
vh_mei_188	1	1	0.989963
PD_3463	1	1	0.7953051
T_INS_189	0	0	0.4095314
PD_3468	1	0	0.4559825
PD_3474	1	0	0.34123045
PD_3475	1	1	0.9547865
PD_3479	1	1	0.7850215
MantaINS:32558:0:0:0:1:0	1	1	0.97247905
A_INS_350	0	0	0.016743667
374	1	1	0.8707141
MantaDUP:TANDEM:32567:0:1:0:0:0	0	0	0.11335452
PD_3488	1	1	0.96186507
MantaINS:32579:0:0:0:0:0	1	1	0.88766044
vh_mei_190	1	1	0.87229455
380	1	1	0.8356535
PD_3520	0	0	0.10991214
vh_mei_192	0	0	0.11012554
PD_3582	1	1	0.7339572
vh_mei_193	0	1	0.6782191
A_INS_357	1	1	0.64232355
PD_3591	1	1	0.6392361
T_INS_192	1	1	0.94360745
S_INS_513	1	1	0.92100173
MantaINS:33076:0:0:0:0:0	1	1	0.98132366
PD_3605	1	1	0.9627555
S_INS_520	1	1	0.9483953
vh_mei_195	1	1	0.97014993
vh_mei_196	1	1	0.9910562
T_INS_199	1	1	0.98860466
PD_3679	1	1	0.9547907
PD_3680	0	0	0.43114406
vh_mei_197	1	1	0.98974645
PD_3697	1	0	0.32452646
PD_3698	0	0	0.3506665
PD_3718	1	1	0.59136295
MantaINS:33668:0:0:0:1:0	1	1	0.9871774
PD_3738	1	1	0.9202474
vh_mei_198	0	0	0.11422523
T_INS_202	1	1	0.99188024
S_INS_542	1	1	0.86252075
T_INS_203	1	1	0.9754234
A_INS_371	0	1	0.515873
PD_3776	0	1	0.50007665
MantaDUP:TANDEM:33970:0:0:0:0:0	1	1	0.9671139
vh_mei_199	0	0	0.29553533
vh_mei_200	1	1	0.9642772
vh_mei_201	0	0	0.2854165
S_INS_555	0	1	0.7326955
PD_3826	1	1	0.9712723
vh_mei_203	0	0	0.36889768
A_INS_379	0	0	0.01796578
vh_mei_205	0	0	0.20415325
MantaINS:34357:0:0:2:0:0	1	1	0.9867654
vh_mei_206	1	1	0.96641314
PD_3862	0	0	0.28488824
PD_3878	1	1	0.84484756
T_INS_209	1	1	0.98171014
vh_mei_207	0	0	0.32060307
S_INS_573	1	1	0.9841061
PD_3947	1	0	0.42564318
vh_mei_208	0	0	0.037643097
A_INS_388	0	0	0.016651824
vh_mei_209	1	1	0.9807765
T_INS_211	1	1	0.9897531
PD_3993	0	0	0.28434512
vh_mei_210	0	1	0.51769847
 vh_dup_17	0	0	0.4062357
A_INS_389	0	0	0.045472596
PD_4013	0	0	0.24386153
PD_4011	0	1	0.8440959
T_INS_214	1	1	0.9778571
PD_4034	1	1	0.9786645
MantaINS:35159:0:0:0:0:1	1	1	0.9054093
PD_4039	0	0	0.23662081
PD_4062	1	1	0.9580659
vh_mei_212	0	0	0.07634488
vh_mei_213	1	1	0.9908343
PD_4080	0	0	0.16597454
PD_4087	1	1	0.70726854
PD_4090	0	1	0.841927
PD_4094	1	1	0.9668355
vh_mei_214	0	0	0.09059355
PD_4097	0	0	0.16889326
PD_4111	1	0	0.35032296
MantaINS:35507:0:0:0:0:0	1	1	0.96548045
PD_4123	1	1	0.9683459
PD_4156	1	0	0.4169106
T_INS_217	1	1	0.9793062
PD_4171	0	0	0.20319952
PD_4173	1	1	0.95080614
vh_mei_218	0	0	0.06824427
MantaINS:35699:0:0:0:0:0	1	1	0.9694668
vh_mei_219	1	1	0.991447
PD_4179	1	1	0.9526793
PD_4181	1	1	0.9505708
vh_mei_220	1	1	0.9802033
T_INS_221	1	1	0.9737344
vh_mei_221	1	1	0.9859067
PD_4231	0	0	0.069788225
PD_4232	0	0	0.26066598
PD_4233	0	1	0.54876214
MantaINS:35989:0:0:0:0:0	1	1	0.96800363
DUP00002965	0	0	0.23043534
S_INS_615	1	1	0.9574038
vh_mei_222	1	1	0.87346923
PD_4266	0	0	0.162958
MantaINS:36187:0:0:0:0:0	1	1	0.9576221
T_INS_225	1	1	0.99451977
T_INS_226	1	1	0.95346165
MantaINS:36302:0:0:0:0:0	1	1	0.9922214
vh_mei_223	1	1	0.98815584
vh_mei_224	1	1	0.98365384
vh_mei_225	1	1	0.83470374
PD_4319	0	0	0.18132918
T_INS_229	1	1	0.98182607
MantaINS:36479:0:0:0:0:0	1	1	0.97881246
A_INS_416	0	0	0.010504395
vh_mei_226	1	1	0.5762753
A_INS_419	1	1	0.8491513
vh_mei_227	0	0	0.06668021
T_INS_230	0	1	0.735508
vh_mei_228	0	1	0.57026666
vh_mei_229	1	1	0.99047965
PD_4439	1	1	0.97675574
A_INS_422	0	0	0.3463207
vh_mei_230	1	1	0.99027425
vh_mei_231	0	0	0.07247093
vh_mei_232	0	0	0.27811697
PD_4455	0	0	0.44708827
PD_4457	1	1	0.9707937
PD_4466	1	1	0.8931976
PD_4467	0	0	0.19375974
PD_4474	0	0	0.43864593
vh_mei_233	1	1	0.9525496
T_INS_238	1	1	0.8426685
MantaINS:37203:0:0:0:0:0	1	1	0.9855026
S_INS_659	1	1	0.96384287
S_INS_665	1	1	0.9538575
PD_4523	1	1	0.9801062
A_INS_433	0	0	0.086115785
vh_mei_234	1	1	0.9765762
MantaINS:37570:0:0:0:0:0	1	1	0.9648577
MantaINS:37582:0:0:0:0:0	1	1	0.96928686
MantaINS:37598:0:0:0:0:0	1	1	0.956436
vh_mei_236	1	1	0.98498213
vh_mei_237	0	0	0.31530645
S_INS_674	1	1	0.97028625
MantaINS:37698:0:0:0:1:0	1	1	0.93725014
vh_mei_239	1	1	0.94290924
PD_4591	1	1	0.9349954
vh_mei_241	1	1	0.9802987
S_INS_685	1	1	0.9676431
PD_4644	1	0	0.29430482
PD_4650	1	1	0.940664
vh_mei_242	1	1	0.98924154
A_INS_446	0	0	0.028426455
PD_4660	1	0	0.334018
MantaINS:38097:0:0:0:2:0	0	1	0.81390053
PD_4669	1	1	0.97197354
PD_4672	1	1	0.8933202
DUP00003182	1	0	0.17607783
PD_4674	0	0	0.29430482
DUP00003184	0	0	0.082095735
PD_4683	0	0	0.35455605
vh_mei_243	0	0	0.47634268
PD_4693	0	0	0.10118435
vh_mei_244	0	1	0.5411526
PD_4697	0	1	0.6342982
DUP00003206	0	0	0.086386494
 vh_dup_20	0	0	0.04235607
T_INS_248	1	1	0.94870263
vh_mei_245	0	0	0.07634488
T_INS_250	0	1	0.7494686
vh_mei_246	0	0	0.08028147
PD_4752	0	0	0.17498986
PD_4760	1	0	0.45290604
vh_mei_247	0	0	0.25530705
T_INS_253	1	1	0.9712427
A_INS_452	1	1	0.8611456
A_INS_453	0	0	0.009058144
PD_4806	0	0	0.38023424
PD_4810	0	1	0.8489311
PD_4811	0	1	0.6106484
vh_mei_248	0	0	0.40922147
vh_mei_249	1	1	0.9770183
vh_mei_250	1	0	0.26860228
PD_4838	0	0	0.1406434
S_INS_709	1	1	0.9880834
PD_4861	1	0	0.34520182
PD_4869	1	1	0.8633175
A_INS_458	0	0	0.24173518
T_INS_256	1	1	0.9859574
vh_mei_252	1	1	0.98921025
vh_mei_253	0	0	0.19385101
PD_4891	0	0	0.26986295
PD_4896	0	0	0.121718876
T_INS_260	1	1	0.99026465
S_INS_717	1	1	0.91521686
PD_4911	1	1	0.71883243
PD_4922	1	1	0.5709659
PD_4929	1	1	0.9537539
vh_mei_254	0	0	0.069868006
MantaINS:19366:0:0:0:0:0	1	1	0.9584752
PD_4956	1	1	0.9303268
S_INS_728	1	1	0.9916226
PD_4996	0	0	0.12710437
vh_mei_256	1	1	0.78996956
PD_5012	1	1	0.8588738
vh_mei_257	1	1	0.9692945
MantaINS:19810:0:0:0:0:0	1	1	0.95283717
A_INS_472	0	0	0.017614609
vh_mei_258	1	1	0.523751
A_INS_474	1	1	0.9631366
vh_mei_259	1	1	0.72196907
vh_mei_260	0	0	0.22429515
PD_5075	0	0	0.35251284
PD_5076	0	0	0.22223094
S_INS_748	1	1	0.9879534
vh_mei_261	1	1	0.9892141
MantaINS:20145:0:0:0:0:0	1	1	0.98453206
PD_5091	1	1	0.96110564
vh_mei_262	1	1	0.9708477
vh_mei_263	1	1	0.9752567
vh_mei_264	1	1	0.8460595
S_INS_755	0	1	0.6639143
T_INS_271	1	1	0.84682864
PD_5118	1	1	0.9038446
vh_mei_266	1	0	0.30701736
A_INS_487	0	0	0.010591915
PD_5134	0	1	0.5376341
MantaINS:20477:0:0:0:0:0	1	1	0.9842802
vh_mei_267	0	0	0.2530203
vh_mei_268	0	0	0.12232597
A_INS_493	1	1	0.9342164
DUP00003488	0	0	0.021445824
T_INS_274	1	1	0.95339805
vh_mei_269	1	1	0.9741638
PD_5202	1	0	0.42694527
MantaINS:20792:0:0:0:1:0	0	1	0.708497
vh_mei_272	1	1	0.9482084
vh_mei_273	1	1	0.6038989
PD_5206	1	1	0.9239135
T_INS_280	1	1	0.93676305
PD_5208	1	0	0.24853013
vh_mei_275	0	0	0.11012554
vh_mei_276	1	0	0.3382165
PD_5212	1	1	0.6347906
S_INS_769	1	1	0.98444796
PD_5225	1	1	0.918737
S_INS_770	1	1	0.8989233
T_INS_281	1	1	0.9722292
S_INS_773	1	1	0.9815486
PD_5234	1	1	0.96928376
vh_mei_277	0	0	0.066619575
vh_mei_278	0	0	0.069868006
T_INS_282	1	1	0.98487467
PD_5247	1	1	0.62127787
585	0	0	0.4796797
A_INS_508	0	0	0.019021636
A_INS_510	1	0	0.46510822
vh_mei_279	1	1	0.8915262
PD_5292	0	0	0.22807486
S_INS_782	1	1	0.8853544
PD_5304	0	1	0.5458307
PD_5323	1	1	0.98017853
S_INS_788	1	1	0.9894883
PD_5360	1	1	0.97310424
PD_5361	1	1	0.9264208
MantaINS:21648:0:0:0:1:0	1	1	0.9050213
T_INS_285	1	1	0.97875345
PD_5380	1	1	0.76878065
A_INS_518	1	1	0.9429667
A_INS_520	0	0	0.36567092
T_INS_287	1	1	0.9093749
A_INS_521	1	1	0.8452011
PD_5425	0	0	0.23875992
DUP00003646	0	0	0.07557676
PD_5436	1	0	0.26298302
PD_5437	1	0	0.36139306
PD_5445	1	1	0.9155854
vh_mei_281	1	1	0.987621
A_INS_524	1	1	0.9622081
MantaINS:22203:0:0:0:0:0	1	1	0.97411764
PD_5474	1	0	0.4403412
MantaINS:22264:0:0:0:0:0	1	1	0.96937793
T_INS_290	1	1	0.98898286
vh_mei_283	1	1	0.9774296
vh_mei_284	1	1	0.8000773
vh_mei_285	0	0	0.42507204
vh_mei_287	0	0	0.2876939
vh_mei_286	0	0	0.069868006
MantaINS:22372:1:1:0:0:0	1	1	0.9363893
PD_5527	0	0	0.1569717
PD_5536	1	1	0.98048145
vh_mei_288	1	1	0.6782191
DUP00003741	0	0	0.01636454
PD_5550	1	1	0.9315404
T_INS_297	1	1	0.84729904
MantaINS:22751:0:0:0:0:0	1	1	0.97266644
DUP00003754	0	0	0.06656376
PD_5580	0	0	0.17321043
vh_mei_289	0	1	0.74016327
PD_5603	1	1	0.55229974
T_INS_300	1	1	0.99328506
PD_5617	1	1	0.95891535
vh_mei_290	0	0	0.21022567
MantaDUP:TANDEM:22990:0:0:0:0:0	1	1	0.97932863
T_INS_301	1	1	0.99207765
PD_5638	1	1	0.8468358
PD_5643	1	1	0.93682986
PD_5647	0	0	0.31750295
MantaINS:23153:0:0:0:0:0	1	1	0.9256
MantaINS:23228:0:0:0:0:0	1	1	0.98694694
PD_5699	1	1	0.54464126
PD_5700	1	1	0.97937816
S_INS_857	1	1	0.9796418
vh_mei_292	1	0	0.35405084
vh_mei_293	1	1	0.7800999
S_INS_864	1	1	0.9835523
T_INS_305	1	1	0.9871824
vh_mei_294	1	1	0.9865471
PD_5753	1	1	0.8828863
vh_mei_295	0	0	0.069868006
vh_mei_296	1	1	0.97339976
S_INS_877	1	1	0.9790045
PD_5802	1	1	0.8721078
vh_mei_297	0	0	0.069868006
vh_mei_298	0	1	0.58175135
vh_mei_299	1	1	0.9291407
vh_mei_300	1	1	0.96914744
S_INS_883	1	1	0.9621818
vh_mei_301	0	0	0.06952405
T_INS_312	1	1	0.9555896
MantaINS:24020:0:0:0:0:0	1	1	0.9462932
T_INS_313	1	1	0.9038999
PD_5837	1	1	0.7855981
vh_mei_302	0	0	0.06824427
T_INS_314	1	1	0.81692046
vh_mei_303	1	0	0.41381425
T_INS_315	1	1	0.86225784
vh_mei_304	0	1	0.9581137
vh_mei_305	1	1	0.95045644
PD_5885	0	0	0.41767967
PD_5886	1	1	0.95378935
S_INS_894	1	1	0.9759217
PD_5892	0	0	0.11008398
PD_5895	1	1	0.9799786
MantaINS:24441:0:0:0:1:0	1	1	0.9933195
PD_5897	0	0	0.31724593
vh_mei_306	0	0	0.06668021
MantaINS:24502:0:0:0:0:0	1	1	0.97453976
PD_5916	1	1	0.9205486
MantaINS:24573:0:0:0:0:0	1	1	0.98009026
vh_mei_307	0	0	0.069868006
T_INS_318	1	1	0.948103
PD_5933	1	1	0.9432446
MantaINS:24671:0:0:0:0:0	1	1	0.9692313
PD_5944	1	1	0.6663444
vh_mei_308	1	1	0.9222342
MantaINS:24843:0:0:0:0:0	1	1	0.98967195
T_INS_320	1	1	0.89730227
MantaINS:24891:0:0:0:0:0	1	1	0.98203504
vh_mei_311	1	1	0.9890302
vh_mei_312	1	1	0.7917298
MantaINS:25062:0:0:1:0:0	1	1	0.99085355
MantaINS:25053:0:0:0:0:0	1	1	0.9928396
A_INS_562	1	1	0.824591
vh_mei_313	0	0	0.09243528
T_INS_323	1	1	0.8477801
MantaINS:25139:0:0:0:0:0	1	1	0.9861536
PD_6051	0	0	0.39566994
vh_mei_314	0	1	0.77774507
T_INS_326	1	1	0.85938984
PD_6063	0	0	0.1687443
T_INS_327	1	1	0.97072685
PD_6085	1	1	0.6770887
vh_mei_315	0	1	0.6300957
vh_mei_317	1	1	0.94387066
PD_6094	1	1	0.96929806
S_INS_940	1	1	0.98278046
MantaINS:25659:0:0:1:0:0	1	1	0.99053496
T_INS_330	1	1	0.9356842
PD_6178	0	0	0.33978412
vh_mei_319	1	1	0.98326945
vh_mei_321	1	1	0.94988185
T_INS_334	1	1	0.9703957
A_INS_575	1	1	0.83183604
PD_6226	1	1	0.97751564
S_INS_951	1	1	0.9906398
vh_mei_323	0	1	0.76358765
vh_mei_324	1	1	0.98115516
T_INS_337	1	1	0.8718649
MantaINS:26120:0:0:0:0:0	1	1	0.98288935
PD_6268	1	1	0.95477206
T_INS_338	1	1	0.97563654
T_INS_339	1	1	0.9713842
vh_mei_325	1	1	0.9704738
vh_mei_326	0	1	0.520398
MantaINS:26197:0:0:0:0:0	1	1	0.9937723
A_INS_578	1	1	0.94518346
PD_6298	1	1	0.9188383
vh_mei_327	1	1	0.9874463
PD_6308	0	0	0.31991503
PD_6314	1	1	0.9804128
PD_6322	0	0	0.19459292
PD_6333	1	1	0.97091424
vh_mei_328	1	1	0.5228531
T_INS_343	1	1	0.9611055
vh_mei_329	1	1	0.91037
A_INS_587	0	0	0.1310936
PD_6370	1	1	0.9344806
PD_6371	0	0	0.35838655
PD_6381	1	1	0.95023674
PD_6386	1	1	0.6379219
vh_mei_330	1	1	0.9209181
PD_6418	1	1	0.8676206
PD_6426	1	1	0.92181623
A_INS_592	0	0	0.043855082
PD_6431	1	0	0.31639296
PD_6436	0	0	0.15957165
S_INS_992	1	1	0.991055
PD_6443	0	0	0.3123464
724	0	0	0.1119888
vh_mei_332	1	1	0.6830449
DUP00004381	0	0	0.11952643
vh_mei_333	0	0	0.4881866
PD_6494	0	0	0.06729181
PD_6505	1	1	0.9337536
A_INS_595	1	1	0.6898514
A_INS_599	0	0	0.017725436
PD_6535	1	1	0.5500082
S_INS_1006	1	1	0.9903769
PD_6545	0	0	0.27035183
MantaINS:46229:0:0:0:0:0	1	1	0.9742543
vh_mei_335	1	0	0.36094248
PD_6563	1	1	0.9775313
PD_6564	0	1	0.5897975
T_INS_356	0	0	0.3566696
PD_6575	0	0	0.17465724
PD_6576	0	0	0.2737334
PD_6590	1	1	0.95977664
A_INS_610	1	1	0.7366727
MantaINS:46645:0:0:0:0:0	1	1	0.9792763
PD_6657	1	1	0.9178322
vh_mei_337	0	0	0.056128528
vh_mei_338	0	0	0.06276842
vh_mei_339	1	1	0.77609265
S_INS_1026	1	1	0.9884157
MantaINS:46852:0:0:0:1:1	1	1	0.927125
MantaINS:47009:0:0:0:0:0	1	1	0.9855219
T_INS_361	1	1	0.91931605
PD_6726	0	0	0.2656452
A_INS_617	1	0	0.15540196
PD_6745	1	1	0.9173187
A_INS_618	0	0	0.054726128
 vh_dup_29	0	0	0.3241825
vh_mei_341	1	1	0.7603517
MantaINS:47339:0:0:0:0:0	1	1	0.95899004
vh_mei_342	1	1	0.75941366
PD_6829	1	1	0.8973246
PD_6832	0	0	0.060072042
PD_6841	1	0	0.34247163
PD_6847	1	1	0.89835775
PD_6850	1	0	0.33355966
S_INS_1048	1	1	0.9822641
vh_mei_343	0	0	0.02407497
S_INS_1056	1	1	0.9892573
PD_6908	0	0	0.33084795
S_INS_1057	1	1	0.789865
PD_6948	0	1	0.6545799
vh_mei_345	0	1	0.5141313
PD_6958	0	1	0.5786932
MantaINS:48125:0:0:0:0:0	1	1	0.9777483
vh_mei_346	0	0	0.11218736
T_INS_368	1	1	0.9019394
T_INS_369	1	1	0.8624642
PD_6993	0	1	0.6697824
S_INS_1062	1	1	0.9654151
PD_6999	0	0	0.06512107
S_INS_1063	1	1	0.75044394
vh_mei_348	0	0	0.45089334
S_INS_1064	1	1	0.8214567
vh_mei_349	0	0	0.11012554
S_INS_1068	1	1	0.9758779
PD_7029	1	1	0.97542137
S_INS_1070	1	1	0.9770125
T_INS_375	1	1	0.9673596
PD_7050	1	1	0.9894688
PD_7052	1	1	0.9856991
PD_7055	1	1	0.98134845
vh_mei_350	0	0	0.069868006
PD_7060	1	1	0.9536482
vh_mei_351	0	1	0.58889514
S_INS_1079	1	1	0.9763783
PD_7146	1	0	0.334081
PD_7151	1	1	0.96191317
vh_mei_352	1	1	0.984174
A_INS_659	1	1	0.92277676
T_INS_379	1	1	0.96772635
vh_mei_353	1	1	0.75719595
PD_7203	1	1	0.91072005
vh_mei_354	1	0	0.15384324
MantaINS:49244:0:0:0:2:0	1	1	0.98431385
vh_mei_355	1	1	0.78996956
T_INS_382	1	1	0.8791382
vh_mei_356	0	0	0.37226516
S_INS_1101	1	1	0.9478778
vh_mei_357	0	0	0.059921052
MantaINS:49525:0:0:0:0:0	1	1	0.9930797
vh_mei_358	1	1	0.99291635
vh_mei_359	1	1	0.9867503
DUP00005026	0	0	0.17095461
vh_mei_360	0	0	0.11561444
S_INS_1107	1	1	0.96840745
vh_mei_361	0	0	0.30476356
vh_mei_362	1	1	0.98318106
vh_mei_363	0	0	0.3209524
PD_7363	1	1	0.8959077
T_INS_390	1	1	0.9652236
T_INS_391	1	1	0.9829364
PD_7372	1	1	0.5001126
vh_mei_364	1	0	0.32060307
T_INS_393	1	1	0.99335384
T_INS_394	1	1	0.8533026
vh_mei_365	1	1	0.98097825
MantaINS:49974:0:0:0:0:0	1	1	0.9919119
vh_mei_366	0	0	0.32271415
vh_mei_367	1	1	0.9144036
T_INS_400	1	1	0.79756904
PD_7431	0	0	0.4218201
vh_mei_368	1	1	0.90354556
vh_mei_369	1	1	0.99024725
PD_7443	0	0	0.15509857
PD_7460	0	0	0.19553797
vh_mei_370	0	0	0.020142782
A_INS_679	0	0	0.26681867
T_INS_404	1	1	0.7470237
vh_mei_371	0	0	0.28052923
vh_mei_372	1	1	0.99109405
PD_7498	1	1	0.96775705
vh_mei_373	1	1	0.7106106
vh_mei_374	0	0	0.028888674
T_INS_407	1	1	0.77552634
MantaINS:50474:0:0:0:0:0	1	1	0.9532955
T_INS_408	1	1	0.8646701
vh_mei_375	0	1	0.56137294
PD_7552	1	1	0.63105434
vh_mei_376	1	0	0.32226166
PD_7574	0	1	0.5139436
A_INS_687	0	0	0.027982445
MantaINS:50849:0:0:0:0:0	1	1	0.9694979
S_INS_1147	1	1	0.95999694
PD_7634	1	1	0.70925754
860	1	0	0.31671944
MantaINS:50904:0:0:0:0:0	1	1	0.9807202
DUP00005237	0	0	0.07557676
A_INS_692	1	1	0.9418053
vh_mei_377	1	1	0.9903685
PD_7669	0	0	0.0920451
T_INS_411	1	1	0.8935048
MantaINS:51052:0:0:0:0:0	1	1	0.97436315
PD_7674	1	1	0.9697066
MantaINS:51076:0:0:0:1:0	1	1	0.93684465
PD_7676	1	1	0.9411847
vh_mei_378	1	1	0.98906684
PD_7734	1	1	0.74706
vh_mei_379	0	0	0.06952405
T_INS_415	1	1	0.9677567
vh_mei_380	1	0	0.32663512
vh_mei_381	1	1	0.9797253
PD_7756	1	1	0.5836717
T_INS_417	1	1	0.9936452
A_INS_697	1	1	0.9408961
PD_7768	0	0	0.23919743
S_INS_1168	1	1	0.83308536
MantaDUP:TANDEM:51601:0:1:0:0:0	1	1	0.8855154
PD_7843	1	1	0.9819136
T_INS_418	1	1	0.97506636
vh_mei_382	1	1	0.99161106
PD_7856	1	1	0.9579521
T_INS_420	0	0	0.047782626
MantaDUP:TANDEM:51957:0:1:0:0:0	1	1	0.82208854
PD_7885	0	0	0.3863145
PD_7909	1	1	0.90552914
DUP00005399	0	0	0.04136018
T_INS_423	1	1	0.9625158
S_INS_1185	1	1	0.88397795
vh_mei_384	0	0	0.049998246
vh_mei_385	1	1	0.9833113
T_INS_426	1	1	0.72232544
MantaINS:52334:0:0:0:0:0	1	1	0.9706508
vh_mei_386	0	1	0.71608377
A_INS_704	1	1	0.8870873
A_INS_705	1	1	0.9460342
MantaINS:52495:0:0:0:0:0	1	1	0.9905543
vh_mei_387	0	0	0.122940086
T_INS_428	1	1	0.9741276
MantaDUP:TANDEM:52532:0:1:0:2:0	1	1	0.8688725
T_INS_429	1	1	0.9179202
vh_mei_388	1	1	0.9854489
PD_8027	0	0	0.13002518
vh_mei_389	1	1	0.93241346
A_INS_709	1	1	0.62661415
S_INS_1204	0	1	0.6350549
PD_8044	1	1	0.82869583
vh_mei_390	0	1	0.6067372
PD_8058	1	1	0.63799614
PD_8072	1	1	0.9520431
T_INS_433	1	1	0.9233792
vh_mei_391	1	1	0.6388668
PD_8097	1	1	0.95006174
DUP00005512	0	0	0.16175173
vh_mei_393	1	1	0.9684018
vh_mei_394	0	0	0.034849863
vh_mei_395	0	0	0.1477614
PD_8147	1	0	0.40681687
MantaINS:53107:0:0:0:0:0	1	1	0.96881044
DUP00005555	0	0	0.016621253
MantaINS:53195:0:0:1:0:0	1	1	0.9682082
MantaINS:53180:0:0:0:0:0	1	1	0.96320075
PD_8170	1	1	0.98245853
MantaINS:53257:0:0:0:0:0	1	1	0.9843493
PD_8176	1	1	0.6717094
MantaINS:53305:0:0:0:0:0	1	1	0.9768444
vh_mei_396	0	0	0.10916776
PD_8195	1	1	0.9734578
vh_mei_397	0	0	0.3256304
PD_8207	1	1	0.58853954
PD_8256	0	0	0.07862949
PD_8272	0	1	0.76215994
PD_8291	0	0	0.11483449
PD_8311	0	1	0.51279193
MantaINS:53766:0:0:0:0:0	1	1	0.99291354
PD_8330	0	0	0.27926436
PD_8338	1	1	0.96743774
S_INS_1254	1	1	0.836927
vh_mei_400	0	0	0.02407497
vh_mei_401	1	1	0.97413504
vh_mei_402	0	0	0.07913656
A_INS_733	1	1	0.8786922
vh_mei_403	1	1	0.9779243
PD_8425	0	0	0.283946
vh_mei_404	1	1	0.97511476
vh_mei_405	1	1	0.9780432
PD_8436	1	1	0.8836836
vh_mei_406	1	1	0.9824027
T_INS_444	1	1	0.98163754
T_INS_445	1	1	0.94657147
MantaINS:54264:0:0:0:0:0	1	1	0.98961943
PD_8455	1	1	0.95023674
MantaINS:54277:0:0:0:0:0	1	1	0.939515
MantaINS:54322:0:0:0:0:0	1	1	0.9515388
PD_8473	1	1	0.9794002
vh_mei_407	0	1	0.50984806
DUP00005720	0	0	0.12861453
vh_mei_408	1	1	0.94420576
T_INS_450	1	1	0.8535858
vh_mei_409	0	0	0.115023084
vh_mei_410	1	1	0.9759311
A_INS_737	1	1	0.941787
S_INS_1277	1	1	0.980105
PD_8534	0	0	0.13336615
A_INS_739	0	0	0.41933537
PD_8553	0	0	0.22496814
vh_mei_411	0	0	0.056128528
S_INS_1286	1	1	0.8702387
MantaINS:54762:0:0:0:0:0	1	1	0.98480517
vh_mei_412	1	1	0.9844498
vh_mei_413	1	1	0.9322988
PD_8601	0	0	0.242415
T_INS_460	1	1	0.9721921
DUP00005776	0	0	0.031858634
PD_8612	0	0	0.4934607
PD_8614	0	0	0.1990206
PD_8620	1	1	0.949924
vh_mei_414	0	1	0.75941366
PD_8626	0	1	0.939485
vh_mei_415	0	1	0.6388668
PD_8629	1	1	0.8644986
PD_8633	0	0	0.14126877
A_INS_744	1	1	0.8947509
PD_8634	0	0	0.25378653
vh_mei_417	0	0	0.07418723
PD_8649	1	1	0.56385404
S_INS_1297	1	1	0.79048496
MantaINS:55107:0:0:0:0:0	0	0	0.40871567
S_INS_1298	1	1	0.958799
PD_8659	0	0	0.26284257
PD_8658	0	0	0.10799649
PD_8664	0	0	0.2394049
MantaINS:55152:0:0:0:0:0	1	1	0.979996
PD_8674	0	0	0.3453421
PD_8690	1	0	0.3289584
PD_8736	0	0	0.28411084
PD_8744	0	0	0.17104052
vh_mei_419	0	0	0.47947907
T_INS_466	1	1	0.61074626
PD_8805	1	1	0.7297606
vh_mei_420	1	1	0.5013965
MantaINS:38570:0:0:0:0:0	1	1	0.90069014
PD_8821	1	1	0.93855315
vh_mei_421	1	1	0.96322423
T_INS_470	1	1	0.9871019
vh_mei_422	0	0	0.29553533
vh_mei_423	1	1	0.9845746
T_INS_473	1	1	0.9545063
PD_8881	1	1	0.95519626
PD_8885	1	1	0.96836054
PD_8886	0	0	0.4023656
MantaDUP:TANDEM:38965:0:1:0:0:0	1	1	0.942649
vh_mei_424	1	1	0.98673403
vh_mei_425	1	1	0.9619511
PD_8959	0	0	0.30618352
PD_8968	0	0	0.16555624
vh_mei_427	1	1	0.9748412
vh_mei_428	1	1	0.9654357
MantaINS:39389:0:0:0:0:0	1	1	0.9498612
MantaINS:39481:0:0:0:0:0	1	1	0.9330155
PD_9039	1	1	0.9582643
T_INS_479	1	1	0.98475915
MantaINS:39601:0:0:0:0:0	1	1	0.942944
S_INS_1346	1	1	0.92626566
vh_mei_429	1	1	0.84890425
PD_9119	1	1	0.8786529
PD_9130	0	0	0.36374047
vh_mei_430	1	1	0.80564016
vh_numt_1	0	0	0.015451666
A_INS_768	1	1	0.85928744
T_INS_483	1	1	0.9668092
vh_mei_432	1	1	0.99283206
T_INS_485	0	0	0.07923993
PD_9207	1	1	0.96296966
MantaINS:40170:0:0:0:0:0	1	1	0.97934914
T_INS_486	1	1	0.9316933
MantaINS:40304:0:0:0:0:0	1	1	0.98827577
S_INS_1365	1	1	0.95424104
vh_mei_433	1	1	0.9805665
PD_9253	1	1	0.97231984
PD_9267	1	1	0.89611524
vh_mei_434	0	0	0.03574019
S_INS_1374	1	1	0.73925525
PD_9281	1	0	0.43140206
PD_9284	0	0	0.14033042
PD_9453	0	0	0.17647168
vh_mei_437	1	1	0.965015
T_INS_491	1	1	0.95953447
vh_mei_438	1	1	0.8330161
T_INS_494	1	1	0.9675427
PD_9483	1	1	0.9778853
S_INS_1380	1	1	0.99026734
vh_mei_440	0	0	0.07634488
vh_mei_441	0	0	0.06403196
vh_mei_442	1	1	0.9815987
MantaINS:40809:0:0:0:0:0	1	1	0.94334185
PD_9547	1	1	0.8969332
MantaINS:41033:0:0:0:0:0	1	1	0.96729594
vh_mei_444	0	0	0.120930076
PD_9596	0	0	0.10578507
MantaINS:41332:0:0:0:0:0	1	1	0.9789907
S_INS_1395	1	1	0.9925277
T_INS_500	0	0	0.16103391
PD_9685	1	1	0.96561784
vh_mei_445	1	1	0.9654507
vh_mei_446	1	1	0.9850734
A_INS_798	1	1	0.9436965
vh_mei_447	1	1	0.95069754
MantaINS:41697:0:0:1:0:0	1	1	0.99037814
A_INS_801	1	1	0.72281885
PD_9717	0	1	0.5716667
vh_mei_448	0	0	0.04767551
MantaINS:41982:0:0:0:0:0	1	1	0.96209836
PD_9776	1	1	0.88670325
PD_9774	0	0	0.103516236
vh_mei_450	1	1	0.9838573
PD_9784	1	1	0.9422565
PD_9792	0	0	0.4013684
S_INS_1416	1	1	0.9868074
vh_mei_451	0	0	0.09708473
MantaINS:32837:1:1:0:0:0	0	1	0.53186333
S_INS_1418	1	1	0.94069475
MantaINS:42261:0:0:0:0:0	1	1	0.95831835
PD_9836	0	0	0.23001602
vh_mei_452	1	1	0.7295357
vh_mei_453	1	1	0.95543265
PD_9854	1	1	0.9724938
PD_9866	1	1	0.9593234
MantaINS:42432:0:0:0:0:0	1	1	0.9564
PD_9871	0	0	0.23526242
vh_mei_454	0	0	0.32060307
T_INS_511	1	1	0.9566625
PD_9897	0	0	0.14941244
T_INS_512	1	1	0.95150125
S_INS_1435	1	1	0.9880392
MantaINS:42695:0:0:0:0:0	1	1	0.98315203
T_INS_515	1	1	0.9916963
vh_mei_456	1	1	0.7295357
vh_mei_457	1	1	0.5513268
vh_mei_458	1	1	0.59157324
T_INS_517	1	1	0.81636804
PD_9977	0	0	0.20547308
S_INS_1446	1	1	0.9804648
vh_mei_459	1	1	0.9796821
PD_9988	1	1	0.9739059
vh_mei_460	0	0	0.10164632
T_INS_519	1	1	0.70326734
T_INS_520	1	1	0.982847
S_INS_1455	1	1	0.96066415
vh_mei_462	0	0	0.22723818
PD_10052	0	0	0.20225042
PD_10071	1	1	0.8869775
PD_10081	1	1	0.69978803
T_INS_522	1	1	0.9692786
A_INS_818	1	1	0.59826684
MantaINS:43508:0:0:0:0:0	1	1	0.94224
vh_mei_463	1	1	0.97293574
vh_mei_464	0	0	0.07300108
vh_mei_465	0	0	0.07563643
T_INS_525	1	1	0.7845954
vh_mei_466	0	0	0.069868006
vh_mei_467	1	1	0.9614977
A_INS_825	0	0	0.012460581
MantaINS:43960:0:0:0:0:0	1	1	0.99262154
vh_mei_468	1	1	0.5901513
A_INS_830	0	0	0.12696782
T_INS_527	1	1	0.92988545
PD_10219	1	1	0.9617478
vh_mei_469	1	1	0.9821583
S_INS_1488	1	1	0.94580966
vh_mei_470	0	0	0.06668021
A_INS_834	0	0	0.025602188
vh_mei_471	0	0	0.49691835
PD_10241	0	1	0.5851881
vh_mei_472	0	0	0.12361554
PD_10276	1	1	0.9088154
vh_mei_473	1	1	0.9851186
vh_mei_474	0	0	0.28550854
MantaINS:44310:0:0:1:0:0	1	1	0.9855062
PD_10297	0	1	0.8997592
vh_mei_475	1	1	0.986871
MantaINS:44453:0:0:0:0:0	1	1	0.91687673
T_INS_533	1	1	0.98538613
S_INS_1510	1	1	0.7217767
T_INS_535	1	1	0.9883791
T_INS_536	1	1	0.9677586
T_INS_537	0	1	0.63714087
A_INS_851	0	0	0.011721235
S_INS_1514	1	1	0.989521
vh_mei_476	1	1	0.9835904
PD_10400	1	1	0.95277184
MantaINS:45038:0:0:0:0:0	1	1	0.9193959
vh_mei_477	0	0	0.20750806
vh_mei_478	1	1	0.58310604
MantaINS:45166:0:0:0:0:0	1	1	0.9919219
vh_mei_479	1	1	0.9805911
vh_mei_480	0	0	0.18535912
MantaINS:45360:0:0:0:1:0	0	1	0.82059187
PD_10472	1	0	0.22615911
PD_10481	1	1	0.89312005
vh_mei_482	1	1	0.9883741
PD_10525	1	1	0.95727235
PD_10526	1	1	0.9210272
A_INS_863	0	0	0.10831535
PD_10531	0	0	0.330597
S_INS_1535	1	1	0.8367496
vh_mei_483	1	1	0.99007434
PD_10552	1	1	0.822226
MantaINS:45884:0:0:0:0:0	1	1	0.992144
S_INS_1541	1	1	0.9529677
PD_10605	1	1	0.9073899
PD_10612	1	1	0.83873934
PD_10632	1	1	0.9686517
S_INS_1548	1	1	0.8243152
PD_10660	0	0	0.28247955
DUP00007054	0	0	0.08607934
A_INS_867	1	1	0.9351647
A_INS_868	0	0	0.17413032
A_INS_870	1	1	0.9498645
T_INS_549	1	1	0.97012275
vh_mei_486	0	0	0.32663512
PD_10702	1	0	0.38057408
A_INS_875	0	0	0.120469645
vh_mei_488	1	1	0.5762753
PD_10766	1	1	0.8969099
PD_10790	1	1	0.95891535
PD_10792	1	1	0.9574169
PD_10794	1	1	0.97064453
A_INS_876	0	1	0.57372034
MantaINS:63331:0:0:0:0:0	0	0	0.30392203
S_INS_1572	1	1	0.9558518
PD_10832	1	1	0.916586
vh_mei_489	1	1	0.98799264
vh_mei_490	0	0	0.07008763
PD_10865	1	1	0.6205302
vh_mei_491	1	0	0.3278211
T_INS_554	0	1	0.57073605
A_INS_883	0	0	0.022287894
vh_mei_492	1	1	0.713121
vh_mei_494	0	0	0.28942236
A_INS_885	1	1	0.93350846
MantaINS:63597:0:0:0:0:0	1	1	0.947929
vh_mei_495	1	1	0.5210588
PD_10894	1	1	0.8805329
T_INS_559	0	0	0.3891267
PD_10899	0	1	0.55891836
vh_mei_497	1	1	0.9938169
vh_mei_498	1	1	0.9944602
 vh_dup_40	0	0	0.14582236
PD_10920	1	1	0.9460133
vh_mei_499	1	1	0.9729793
PD_10955	0	1	0.89162856
INS00007250	1	1	0.8468049
PD_10964	1	1	0.67213553
T_INS_563	1	1	0.99525464
vh_mei_500	0	0	0.07563643
vh_mei_501	1	1	0.86839914
T_INS_564	1	1	0.86198676
T_INS_565	1	1	0.8157554
PD_11000	0	0	0.37986258
S_INS_1609	1	1	0.95090985
T_INS_566	1	1	0.9894413
PD_11209	1	1	0.9847868
vh_mei_525	0	0	0.086654484
DUP00007479	0	0	0.10263381
vh_mei_526	0	0	0.36751792
PD_11217	0	0	0.35595942
PD_11218	1	1	0.8418968
vh_mei_527	1	1	0.9425439
vh_mei_528	1	1	0.9879562
MantaINS:65220:0:0:0:1:0	1	1	0.962319
MantaINS:65265:0:0:0:0:0	1	1	0.9905872
vh_mei_529	1	1	0.99143654
MantaINS:65384:0:0:0:0:0	0	0	0.36935762
PD_11274	0	0	0.11596483
MantaINS:65531:0:0:0:0:0	1	1	0.87395436
vh_mei_531	0	0	0.25530705
T_INS_591	1	1	0.97560865
S_INS_1662	1	1	0.97132
MantaDUP:TANDEM:65532:0:0:4:0:0	0	0	0.32668298
MantaINS:65532:0:0:15:2:2	0	0	0.34083173
 vh_dup_47	0	0	0.038228035
MantaINS:65549:0:0:0:0:1	1	1	0.9818184
A_INS_932	1	1	0.919905
PD_11278	0	0	0.24676342
vh_mei_532	1	1	0.5200775
vh_mei_533	1	1	0.74016327
PD_11321	0	0	0.2664997
MantaINS:65843:0:0:0:1:0	1	1	0.94093496
INS00007591	1	1	0.85248226
vh_mei_534	1	1	0.89478314
MantaDUP:TANDEM:65982:0:1:0:0:0	1	1	0.96224385
A_INS_941	1	1	0.840402
PD_11347	1	0	0.31967142
vh_mei_535	1	1	0.9210102
vh_mei_536	0	0	0.120930076
MantaINS:66247:0:0:0:0:0	1	1	0.9836251
MantaINS:66329:0:0:0:0:0	1	1	0.96043617
PD_11718	1	1	0.9061072
T_INS_596	1	1	0.95267034
A_INS_949	0	0	0.25779697
PD_11727	1	1	0.7719499
MantaINS:66412:1:1:0:0:0	1	1	0.9705264
vh_mei_537	1	1	0.9564664
vh_mei_538	1	1	0.9765379
PD_11755	0	0	0.10280528
vh_mei_541	1	1	0.97093683
PD_11797	0	1	0.56069875
DUP00007725	0	0	0.07557676
vh_mei_542	1	1	0.50534546
MantaINS:66607:0:0:0:0:0	1	1	0.9885661
MantaINS:66608:0:0:0:0:0	1	1	0.9602979
MantaINS:66650:0:0:0:0:0	1	1	0.99289083
PD_11831	0	1	0.5760268
PD_11833	0	0	0.4681108
S_INS_1734	1	1	0.80837584
PD_11837	0	0	0.09354426
vh_mei_543	1	1	0.9919973
PD_11867	0	0	0.27960077
vh_mei_544	0	0	0.028888674
vh_mei_547	0	0	0.07634488
vh_mei_549	0	1	0.8044536
vh_mei_550	1	1	0.79186785
PD_11883	1	1	0.89888436
vh_mei_551	0	0	0.33711728
vh_mei_552	1	1	0.6038051
T_INS_606	1	1	0.9935946
DUP00007816	0	0	0.2947408
T_INS_609	1	1	0.98189455
T_INS_611	0	1	0.7132872
PD_11951	1	1	0.542495
MantaINS:67195:0:0:0:0:0	1	1	0.9877291
T_INS_612	1	1	0.88919795
MantaINS:67274:0:0:0:0:0	1	1	0.9604496
vh_mei_554	0	0	0.049998246
MantaINS:67358:0:0:0:0:0	1	1	0.98855793
T_INS_615	1	1	0.9839197
T_INS_616	0	1	0.68248093
DUP00007870	0	0	0.1786976
vh_mei_556	1	1	0.988525
MantaINS:67657:0:0:0:2:1	1	1	0.9880788
vh_mei_557	1	1	0.9800498
PD_12062	0	1	0.50110364
vh_mei_559	0	0	0.11012554
A_INS_968	1	1	0.8743712
vh_mei_560	1	1	0.9915547
vh_mei_561	1	1	0.98001456
PD_12087	1	1	0.96040606
PD_12090	1	1	0.757117
S_INS_1769	0	1	0.7040531
vh_mei_562	1	1	0.9723054
PD_12099	0	0	0.44867042
A_INS_972	1	1	0.95879567
vh_mei_563	1	1	0.9911403
vh_mei_564	1	1	0.938608
A_INS_977	0	0	0.03683443
vh_mei_566	0	0	0.07605688
vh_mei_568	1	1	0.78996956
vh_mei_569	1	1	0.9241046
vh_mei_570	0	1	0.535739
A_INS_982	0	0	0.011479468
T_INS_628	1	1	0.98495805
DUP00008002	0	0	0.07557676
PD_12203	0	0	0.12634572
MantaINS:68478:0:0:0:0:0	1	1	0.9761539
PD_12234	1	1	0.7717793
PD_12237	1	0	0.46798083
1364	1	1	0.8577937
vh_mei_572	1	1	0.973556
vh_mei_573	1	1	0.992253
MantaINS:68683:0:0:0:0:0	1	1	0.9881021
PD_12252	1	1	0.96826136
PD_12254	1	1	0.6052875
vh_mei_574	0	0	0.07634488
MantaINS:68731:0:0:0:1:0	1	1	0.95918643
PD_12264	1	1	0.96899736
PD_12272	1	1	0.95596236
vh_mei_575	1	1	0.5330571
vh_mei_576	1	0	0.27070206
S_INS_1801	1	1	0.98684746
vh_mei_577	0	0	0.39610195
PD_12315	1	1	0.9163559
PD_12320	0	0	0.19034868
MantaINS:68926:0:0:0:0:0	1	1	0.9865715
PD_12330	0	1	0.60162336
T_INS_637	1	1	0.98176736
PD_12342	1	0	0.31898522
PD_12350	0	0	0.3047231
T_INS_639	1	1	0.9899249
vh_mei_578	1	1	0.90292096
vh_mei_579	1	1	0.5977625
vh_mei_580	0	0	0.2530203
vh_mei_581	1	1	0.983914
PD_12392	0	0	0.2897016
vh_mei_583	0	0	0.44137424
 vh_dup_54	0	0	0.14582236
vh_mei_584	1	1	0.7917298
vh_mei_585	0	0	0.035600387
vh_mei_586	0	1	0.620594
A_INS_1000	1	1	0.9617204
A_INS_1003	1	1	0.91337126
PD_12444	0	0	0.2394049
MantaINS:69556:0:0:1:0:0	1	1	0.97866356
MantaINS:69591:0:0:0:2:0	1	1	0.75581545
vh_mei_589	1	1	0.97206
vh_mei_590	1	1	0.5755253
T_INS_645	1	1	0.85442764
vh_mei_592	0	0	0.13450609
vh_mei_593	1	1	0.94011486
T_INS_648	0	1	0.9338089
vh_mei_594	0	0	0.34570158
vh_mei_595	0	0	0.08028147
PD_12544	1	1	0.92282325
A_INS_1013	0	0	0.022018706
PD_12550	0	0	0.4393535
vh_mei_596	1	1	0.89530975
PD_12586	1	1	0.9724938
MantaINS:70192:0:0:0:0:0	1	1	0.91233426
PD_12596	1	1	0.9372384
PD_12602	1	1	0.9447045
MantaINS:70298:0:0:0:0:0	1	1	0.9901309
T_INS_653	0	0	0.3786505
MantaINS:70307:0:0:0:0:0	1	1	0.9889607
vh_mei_597	0	0	0.037887484
PD_12633	1	1	0.60195273
vh_mei_598	1	1	0.98937434
PD_12637	1	0	0.32503095
PD_12647	0	0	0.18973516
A_INS_1018	1	1	0.95807874
PD_12651	0	0	0.13306291
T_INS_657	1	1	0.9191495
T_INS_658	1	1	0.9383746
PD_12664	1	1	0.9631742
PD_12677	1	1	0.84597254
PD_12681	0	0	0.43097174
vh_mei_599	1	1	0.760249
T_INS_663	1	1	0.9716276
PD_12688	1	0	0.3823328
PD_12703	1	1	0.9778867
vh_mei_600	0	1	0.66488373
A_INS_1022	1	1	0.88640386
DUP00008373	1	1	0.6139724
vh_mei_601	1	1	0.6830449
PD_12735	0	0	0.21434532
DUP00008380	0	0	0.24588345
vh_mei_602	1	1	0.9920467
A_INS_1025	0	0	0.0065487633
DUP00008387	0	0	0.17067304
 vh_dup_55	0	0	0.03326293
MantaINS:70826:0:0:1:0:1	0	0	0.44528386
PD_12765	0	0	0.4023371
MantaINS:70828:0:0:0:1:0	1	1	0.9336851
MantaINS:7245:2:2:0:0:0	1	1	0.9423255
MantaDUP:TANDEM:70863:0:1:0:0:0	1	1	0.96752644
S_INS_1875	1	1	0.97480243
PD_12785	1	1	0.5161408
PD_12787	0	1	0.75547826
MantaINS:70919:0:0:0:0:0	1	1	0.98209745
PD_12805	1	0	0.39323872
A_INS_1030	0	1	0.75847214
PD_12829	0	0	0.15863633
PD_12835	1	1	0.6201683
MantaDUP:TANDEM:55229:0:1:0:0:0	0	1	0.5726386
MantaINS:55230:0:0:0:0:0	1	1	0.9699758
PD_12841	1	0	0.4922148
PD_12853	0	0	0.17890933
vh_mei_604	1	0	0.30830416
PD_12872	1	1	0.9685896
PD_12881	1	1	0.9917242
PD_12904	0	0	0.4013684
PD_12913	0	1	0.83800626
PD_12916	0	0	0.27088624
PD_12917	0	0	0.1251285
A_INS_1040	0	0	0.055480395
PD_12918	0	0	0.26300257
A_INS_1045	0	0	0.018118137
vh_mei_605	1	1	0.9212475
T_INS_672	1	1	0.9862179
S_INS_1903	1	1	0.9527319
MantaINS:55877:0:0:0:0:0	1	1	0.9835038
PD_13012	1	1	0.9699525
PD_13051	1	1	0.9186444
vh_mei_606	1	1	0.5127398
PD_13052	1	0	0.20871629
PD_13055	1	1	0.7032938
vh_mei_607	1	0	0.08028147
T_INS_674	1	1	0.95915097
PD_13094	0	0	0.25657845
vh_mei_608	1	1	0.9733854
vh_mei_609	0	0	0.26860228
S_INS_1924	1	1	0.9892426
PD_13140	1	1	0.82550746
S_INS_1927	1	1	0.92909765
PD_13158	1	1	0.9706334
S_INS_1929	1	1	0.98830974
MantaINS:56604:0:0:0:0:0	1	1	0.98758775
T_INS_676	0	0	0.21592383
vh_mei_610	1	0	0.41381425
vh_mei_611	0	0	0.07563643
T_INS_677	1	1	0.7017793
vh_mei_612	0	0	0.047651406
PD_13190	1	1	0.5877597
A_INS_1058	0	1	0.7492301
A_INS_1060	1	1	0.9440149
PD_13200	0	0	0.21310428
PD_13206	0	0	0.06735304
A_INS_1061	0	0	0.025324695
T_INS_678	0	0	0.4879104
MantaINS:56887:0:0:0:0:0	1	1	0.9843062
PD_13216	0	0	0.37233156
vh_mei_613	1	1	0.968938
MantaINS:56928:0:0:0:0:0	1	1	0.9840607
A_INS_1063	1	1	0.833599
S_INS_1946	1	1	0.75879693
PD_13237	0	0	0.2432484
vh_mei_614	1	1	0.9743867
T_INS_681	1	1	0.987258
vh_mei_615	0	0	0.06364568
T_INS_682	1	1	0.9673573
T_INS_684	1	1	0.98434514
PD_13283	0	0	0.30354336
PD_13290	0	0	0.34305814
PD_13293	1	1	0.7796134
vh_mei_616	1	1	0.6388668
PD_13329	1	1	0.7975327
T_INS_685	0	0	0.24922304
vh_mei_617	0	0	0.106500074
T_INS_688	1	1	0.9651388
PD_13359	0	0	0.16776858
vh_mei_618	1	1	0.75989014
MantaINS:57560:0:0:0:0:0	1	1	0.96722263
PD_13368	0	1	0.59304625
S_INS_1961	1	1	0.93643224
MantaINS:57611:0:0:0:0:0	1	1	0.9779304
PD_13388	0	0	0.36645028
A_INS_1077	1	1	0.93616694
vh_mei_619	1	1	0.98880905
PD_13449	1	1	0.97608066
DUP00008889	0	0	0.030561903
A_INS_1079	0	0	0.024968036
S_INS_1988	1	1	0.98814154
PD_13613	1	1	0.97257566
PD_13630	0	0	0.2774422
MantaINS:58106:1:1:0:0:0	1	1	0.92307824
PD_13642	1	1	0.98499775
PD_13652	1	1	0.90354264
PD_13658	1	0	0.22900343
PD_13663	1	1	0.9510001
PD_13667	1	1	0.9640336
vh_mei_623	0	0	0.26277992
A_INS_1097	0	0	0.014877333
MantaINS:58601:0:0:0:0:2	1	1	0.9787895
MantaINS:58682:0:0:0:0:0	1	1	0.94859076
PD_13720	1	1	0.9099062
PD_13721	1	1	0.936476
vh_mei_625	0	0	0.053159326
PD_13753	1	0	0.23328346
PD_13764	1	1	0.9622474
T_INS_706	1	1	0.98790014
S_INS_2024	1	1	0.8397036
S_INS_2025	1	1	0.95297045
vh_mei_627	0	0	0.062325593
T_INS_707	1	1	0.8283919
PD_13779	0	0	0.22617392
vh_mei_628	1	1	0.9619276
T_INS_709	0	0	0.16974856
T_INS_710	1	1	0.99508226
PD_13798	1	1	0.89421856
vh_mei_630	0	0	0.11012554
MantaINS:5874:1:1:1:0:0	1	1	0.97625583
MantaINS:59235:0:0:0:0:0	1	1	0.98466486
vh_mei_631	0	0	0.11012554
vh_mei_632	1	0	0.4929233
PD_13836	1	1	0.84024435
vh_mei_633	1	0	0.40922147
vh_mei_634	0	0	0.053029515
PD_13850	1	1	0.99340725
PD_13851	1	1	0.9661874
PD_13857	1	1	0.9252024
vh_mei_635	0	0	0.33149108
S_INS_2037	1	1	0.9838176
PD_13865	1	0	0.36649132
PD_13871	1	1	0.56110454
T_INS_715	1	1	0.9177649
A_INS_1121	1	1	0.81394684
vh_mei_636	1	0	0.22273698
T_INS_716	1	1	0.93594134
MantaINS:59606:0:0:0:0:0	1	1	0.990422
vh_mei_637	1	1	0.94060314
DUP00009211	0	0	0.08482699
PD_13917	1	1	0.89186716
vh_mei_638	1	1	0.7802141
PD_13922	0	0	0.38226575
vh_mei_640	0	0	0.11393694
A_INS_1125	1	1	0.8681872
PD_13928	0	0	0.15537082
vh_mei_642	0	0	0.4375423
MantaINS:59940:0:0:0:0:1	1	1	0.9197379
PD_13940	0	0	0.08052951
vh_mei_644	1	1	0.94972646
A_INS_1133	0	0	0.02794862
MantaINS:60004:0:0:1:0:0	1	1	0.9208394
A_INS_1136	1	1	0.96041816
A_INS_1137	0	0	0.03319804
PD_13962	1	1	0.96573067
T_INS_723	1	1	0.99308807
T_INS_724	1	1	0.9035396
vh_mei_646	1	1	0.9797166
PD_13994	1	1	0.9724949
T_INS_727	1	1	0.98526704
vh_mei_647	0	0	0.17312747
T_INS_728	1	1	0.99500245
MantaINS:60340:0:0:1:0:0	1	1	0.9878582
PD_14013	0	0	0.4772563
vh_mei_648	0	0	0.072342105
T_INS_729	1	1	0.9886198
T_INS_730	0	1	0.5786078
MantaINS:60434:0:0:0:0:0	1	1	0.9787673
vh_mei_649	1	1	0.84882224
S_INS_2060	0	1	0.56799394
MantaINS:60507:0:0:0:0:0	1	1	0.9528332
vh_mei_650	1	1	0.9810637
PD_14070	1	1	0.6168623
vh_mei_652	1	1	0.9882885
MantaINS:60721:0:0:0:0:0	1	1	0.97488606
PD_14100	0	0	0.20742564
PD_14115	1	1	0.91322756
PD_14118	1	1	0.9873984
vh_mei_653	1	1	0.9418626
MantaINS:61004:0:0:0:0:0	1	1	0.9846467
vh_mei_654	0	0	0.046028133
T_INS_737	1	1	0.9963109
MantaINS:61035:1:1:0:0:0	1	1	0.9699451
vh_mei_655	1	1	0.9702726
MantaINS:61144:0:0:0:1:0	1	1	0.92903024
PD_14194	1	1	0.5183951
vh_mei_657	1	1	0.74658483
S_INS_2088	1	1	0.98309004
vh_mei_658	0	0	0.06961788
A_INS_1156	0	0	0.02204893
S_INS_2090	0	1	0.90770537
PD_14211	1	0	0.42429176
A_INS_1158	0	1	0.64696825
vh_mei_659	1	1	0.6554609
A_INS_1160	0	0	0.18920271
vh_mei_661	0	1	0.5263314
vh_mei_662	0	0	0.0738237
PD_14256	1	1	0.9515867
vh_mei_663	1	1	0.520398
T_INS_744	1	1	0.9948578
vh_mei_664	0	0	0.06824427
vh_mei_665	1	0	0.38495523
T_INS_747	1	1	0.81896013
T_INS_748	1	1	0.98183537
S_INS_2104	1	1	0.85111845
PD_14327	1	1	0.9746533
PD_14356	1	1	0.9755356
PD_14361	0	0	0.24869701
PD_14372	0	0	0.26290995
vh_mei_666	1	1	0.97941005
vh_mei_668	0	0	0.069868006
PD_14394	0	0	0.2715211
MantaINS:62193:0:0:0:0:0	1	1	0.97960174
PD_14441	0	0	0.34558073
PD_14448	1	1	0.9514533
vh_mei_669	1	1	0.6957237
vh_mei_670	0	0	0.14573759
A_INS_1182	0	0	0.019526664
MantaINS:62413:0:0:0:0:0	1	1	0.99231917
PD_14477	0	1	0.7241271
S_INS_2121	1	1	0.9807227
vh_mei_672	0	0	0.07634488
PD_14484	1	0	0.39685243
PD_14491	1	1	0.89502114
DUP00009635	0	0	0.08254986
MantaINS:62547:0:0:0:0:0	1	1	0.9225727
A_INS_1190	0	0	0.014974556
PD_14536	0	0	0.26215076
S_INS_2126	0	1	0.6395174
vh_mei_673	1	1	0.9845955
T_INS_755	1	1	0.98448527
PD_14550	1	1	0.71965325
PD_14565	0	0	0.061723202
DUP00009685	0	0	0.07557676
PD_14567	1	0	0.41980347
DUP00009687	0	0	0.08703022
PD_14570	0	0	0.22863322
PD_14572	1	0	0.454427
PD_14577	0	0	0.47947994
PD_14593	1	1	0.9093966
PD_14594	1	1	0.90002304
PD_14622	0	0	0.43864593
S_INS_2145	0	1	0.70609945
PD_14635	1	1	0.9619045
S_INS_2146	1	1	0.9041747
MantaINS:76315:0:0:0:2:0	1	1	0.78574026
PD_14641	1	1	0.9359451
A_INS_1193	0	0	0.012969617
PD_14644	0	1	0.82733506
PD_14651	0	0	0.05021573
PD_14661	0	0	0.16379452
vh_mei_674	1	1	0.52585673
PD_14672	1	1	0.9713192
PD_14670	0	1	0.5546812
DUP00009754	0	0	0.13025166
vh_mei_675	1	1	0.5627103
S_INS_2155	1	1	0.92862177
vh_mei_676	0	0	0.39156008
PD_14758	1	1	0.95216525
vh_mei_677	1	1	0.9884735
MantaINS:76630:0:0:0:0:0	1	1	0.9050213
PD_14799	1	1	0.9491882
T_INS_763	1	1	0.9956761
vh_mei_678	0	0	0.2323982
vh_mei_679	1	1	0.8709812
T_INS_764	1	1	0.9669425
A_INS_1205	0	1	0.64484155
vh_mei_680	1	1	0.99093527
T_INS_766	1	1	0.97920233
S_INS_2172	1	1	0.919628
T_INS_768	0	0	0.18832742
PD_14886	1	1	0.92888683
PD_14902	1	1	0.8206629
S_INS_2178	1	1	0.9653319
PD_14910	0	0	0.07064076
T_INS_769	1	1	0.8722891
vh_mei_681	0	0	0.120930076
MantaINS:77258:0:0:0:0:0	1	1	0.9648788
vh_mei_682	1	1	0.9872573
PD_14988	1	1	0.93419677
vh_mei_683	1	1	0.9684461
A_INS_1215	1	1	0.7138212
vh_mei_684	0	0	0.046028133
T_INS_775	1	1	0.96038187
vh_mei_685	1	1	0.9720142
MantaINS:77648:0:0:0:0:0	1	1	0.9745218
S_INS_2194	1	1	0.7789209
PD_15036	0	0	0.13620298
MantaDUP:TANDEM:77706:0:1:0:0:0	1	1	0.7272026
S_INS_2197	1	1	0.9885684
vh_mei_687	1	0	0.2323982
DUP00009979	1	0	0.31196168
vh_mei_688	0	0	0.24252388
PD_15087	1	1	0.97648513
T_INS_779	1	1	0.96156526
T_INS_780	1	1	0.9292013
PD_15108	1	1	0.9517652
PD_15109	1	1	0.9741194
PD_15112	0	0	0.08336843
PD_15115	1	1	0.7305205
vh_mei_689	1	1	0.97996855
vh_mei_690	0	0	0.04235607
MantaINS:65865:2:2:0:0:0	1	1	0.9676225
S_INS_2213	0	0	0.15655743
vh_mei_692	1	1	0.7295357
T_INS_784	1	1	0.91158265
vh_mei_693	1	1	0.9720695
vh_mei_694	0	0	0.020142782
T_INS_786	1	1	0.9595519
PD_15629	1	1	0.5102
A_INS_1233	1	1	0.93150586
T_INS_788	1	1	0.9691367
MantaINS:78608:0:0:0:0:0	0	1	0.73002666
PD_15644	1	1	0.9670287
PD_15648	0	0	0.27217963
PD_15653	0	0	0.09278751
PD_15654	0	0	0.36649132
S_INS_2233	1	1	0.94842625
PD_15679	1	0	0.40158764
A_INS_1238	0	1	0.6911978
MantaINS:57714:1:1:0:0:0	1	1	0.9675138
S_INS_2236	0	1	0.7900666
vh_mei_696	1	1	0.98220223
T_INS_794	1	1	0.93845195
PD_15710	0	0	0.40999365
vh_mei_697	1	1	0.9736171
T_INS_798	1	1	0.9524594
A_INS_1241	0	0	0.26201487
vh_numt_2	0	0	0.04503104
T_INS_799	1	1	0.9786621
PD_15756	0	0	0.098206356
PD_15761	1	1	0.9315766
A_INS_1244	1	1	0.90194017
PD_15763	1	0	0.43136784
MantaINS:79197:0:0:0:0:0	1	1	0.9583296
T_INS_800	1	1	0.9420383
vh_mei_698	1	1	0.94636834
vh_mei_699	0	0	0.37281993
vh_mei_700	1	0	0.27070206
vh_mei_701	1	1	0.60472786
vh_mei_702	1	1	0.7982849
PD_15830	1	1	0.77766526
A_INS_1252	1	1	0.9114181
PD_15836	1	1	0.9901647
S_INS_2266	0	0	0.06975969
MantaINS:79686:0:0:0:1:0	0	1	0.5658127
A_INS_1255	1	1	0.9462392
MantaINS:79826:0:0:0:0:0	0	0	0.4199587
S_INS_2273	1	1	0.97749954
vh_mei_706	1	1	0.98054767
PD_15946	1	1	0.93546027
A_INS_1256	1	1	0.85536814
MantaINS:80060:0:0:0:0:0	1	1	0.988461
A_INS_1258	1	1	0.93472916
PD_15981	0	0	0.16456711
PD_15989	0	1	0.53589386
vh_mei_707	1	1	0.94909143
PD_15992	0	0	0.31124455
PD_15993	0	0	0.17258847
vh_mei_709	1	1	0.713121
A_INS_1260	1	1	0.9216372
PD_16017	0	0	0.13020864
A_INS_1261	0	0	0.016803205
vh_mei_710	1	1	0.9888403
vh_mei_711	1	1	0.79186785
S_INS_2291	1	1	0.95952237
A_INS_1264	0	0	0.013698965
PD_16061	0	1	0.5001126
A_INS_1266	0	0	0.008230919
T_INS_817	1	1	0.9060308
MantaINS:80706:0:0:0:0:0	1	1	0.9903268
vh_mei_713	1	1	0.78206265
vh_mei_714	1	1	0.9267479
T_INS_819	1	1	0.97253406
PD_16159	1	0	0.47328883
vh_mei_715	0	0	0.030628042
vh_mei_716	1	1	0.9552096
PD_16191	0	0	0.40951115
MantaINS:81136:0:0:0:0:0	1	1	0.9891121
PD_16195	0	0	0.4230437
vh_mei_718	0	0	0.4503639
S_INS_2313	1	1	0.83468884
MantaINS:81190:0:0:0:0:0	1	1	0.96152705
vh_mei_719	0	0	0.3037492
T_INS_824	1	1	0.863006
vh_mei_720	0	0	0.39610195
T_INS_829	1	1	0.9927014
S_INS_2322	1	1	0.9362269
vh_mei_721	1	1	0.74658483
A_INS_1282	1	1	0.9732621
A_INS_1285	1	1	0.9366235
PD_16321	1	1	0.99007684
vh_mei_722	1	1	0.9124504
MantaINS:81697:0:0:0:0:0	1	1	0.98634386
vh_mei_723	1	0	0.48323774
T_INS_832	1	1	0.90785694
S_INS_2333	1	1	0.94754124
PD_16357	0	0	0.15537082
T_INS_833	1	1	0.9571325
PD_16370	1	1	0.9814261
T_INS_834	1	1	0.9851703
vh_mei_725	0	0	0.053029515
A_INS_1294	0	0	0.14478321
S_INS_2346	0	1	0.6394778
PD_16400	0	0	0.1827753
MantaINS:82056:0:0:0:0:2	1	1	0.7799405
PD_16407	1	1	0.91426307
T_INS_837	0	0	0.4126327
vh_mei_727	0	0	0.069868006
S_INS_2347	1	1	0.9801701
vh_mei_728	1	1	0.99047965
vh_mei_729	1	1	0.74431115
S_INS_2350	1	1	0.89385504
DUP00010669	0	0	0.13773502
vh_mei_730	1	1	0.98580474
DUP00010674	0	0	0.12044524
vh_mei_731	0	0	0.30830416
T_INS_841	1	1	0.9455123
vh_mei_732	1	1	0.76676595
vh_mei_733	1	1	0.9744126
MantaINS:82442:0:0:0:0:0	1	1	0.9472098
MantaINS:82441:0:0:0:0:0	1	1	0.9913196
PD_16493	1	1	0.8461614
PD_16500	1	1	0.9326538
vh_mei_734	0	0	0.050558947
vh_mei_735	0	0	0.0738237
MantaINS:82522:0:0:0:0:0	1	1	0.9007414
A_INS_1306	0	0	0.3400728
T_INS_844	1	1	0.8231074
T_INS_845	0	1	0.6166383
vh_mei_737	1	1	0.9228086
vh_mei_738	0	1	0.5577943
T_INS_848	1	1	0.8309175
T_INS_849	1	1	0.97834617
S_INS_2367	1	1	0.91987836
A_INS_1312	0	0	0.11492292
vh_mei_740	1	1	0.9898454
MantaINS:71098:0:0:0:0:0	1	1	0.9831077
vh_mei_741	1	1	0.98664063
S_INS_2369	1	1	0.8626164
A_INS_1316	0	0	0.32533047
vh_mei_742	1	1	0.92457193
vh_mei_744	1	1	0.8930064
PD_16602	0	0	0.2084511
vh_mei_746	1	1	0.98151416
MantaINS:71372:0:0:0:0:0	1	1	0.98657155
PD_16686	1	1	0.88335085
A_INS_1328	1	1	0.906725
PD_16695	0	0	0.3112381
PD_16704	1	1	0.9516807
vh_mei_747	1	1	0.5255353
vh_mei_748	1	1	0.977459
T_INS_860	1	1	0.93381774
vh_mei_749	0	0	0.056128528
vh_mei_750	1	1	0.98251283
PD_16769	1	1	0.96353203
PD_16781	0	0	0.33714265
PD_16798	0	0	0.36711287
PD_16801	1	1	0.64208716
MantaINS:72259:0:0:0:2:1	1	1	0.89714617
vh_mei_751	1	1	0.5187885
S_INS_2407	1	1	0.9610478
PD_16818	1	1	0.9647026
MantaINS:72387:0:0:0:0:0	1	1	0.98651475
PD_16841	1	1	0.970434
vh_mei_752	0	0	0.28091776
DUP00011019	0	0	0.06979999
MantaDUP:TANDEM:72539:0:1:0:0:0	1	1	0.7423735
 vh_dup_69	0	0	0.030084604
T_INS_865	1	1	0.88460255
T_INS_866	1	1	0.9425217
PD_16863	1	1	0.5012844
PD_16871	0	0	0.39531025
vh_mei_754	1	0	0.120930076
S_INS_2426	0	1	0.53791827
MantaINS:72741:0:0:1:0:0	1	1	0.8624445
MantaINS:72755:0:0:0:0:0	1	1	0.929251
MantaINS:72746:0:0:0:0:1	1	1	0.95926636
vh_mei_755	1	1	0.978312
MantaINS:73029:0:0:0:0:0	0	1	0.92343265
PD_17140	1	1	0.81470776
A_INS_1354	0	0	0.010504395
vh_mei_756	1	1	0.713121
A_INS_1356	1	1	0.8810808
vh_mei_757	1	1	0.9684731
PD_17163	0	0	0.08535474
vh_mei_758	0	0	0.07418723
PD_17177	1	1	0.97609156
vh_mei_759	0	0	0.09513937
PD_17179	1	1	0.91454667
PD_17181	1	1	0.9499278
PD_17187	1	1	0.8713094
T_INS_872	1	1	0.9748452
vh_mei_760	1	1	0.97807944
S_INS_2460	1	1	0.8812185
PD_17206	1	1	0.9175566
vh_mei_761	1	0	0.3037492
vh_mei_762	1	1	0.9804685
PD_17209	1	1	0.9393517
A_INS_1362	1	1	0.92305446
vh_mei_763	1	1	0.7295357
T_INS_876	1	1	0.9921204
INS00011180	1	1	0.82809925
PD_17261	0	0	0.05580407
PD_17262	0	0	0.21810573
PD_17265	0	0	0.42784536
vh_mei_764	1	1	0.5513268
T_INS_878	1	1	0.9436099
MantaINS:73896:0:0:0:0:1	0	0	0.3907455
T_INS_880	1	1	0.9528447
vh_mei_765	1	1	0.96282697
T_INS_882	1	1	0.9489351
T_INS_883	1	1	0.9611011
DUP00011237	0	0	0.13176934
S_INS_2479	1	1	0.94397706
DUP00011239	0	0	0.07328416
vh_mei_766	1	1	0.9728079
PD_17336	0	0	0.36301684
A_INS_1378	1	1	0.9405683
PD_17361	1	1	0.7313848
vh_mei_768	1	1	0.91964054
DUP00011286	0	0	0.41448572
PD_17378	1	1	0.9880763
vh_mei_770	1	1	0.97289896
vh_mei_771	0	0	0.1754483
PD_17403	0	1	0.91993916
A_INS_1382	0	1	0.5104622
PD_17414	1	1	0.9375017
T_INS_888	1	1	0.9300574
PD_17421	0	0	0.31967142
vh_mei_772	0	1	0.6972607
S_INS_2502	1	1	0.96389407
MantaDUP:TANDEM:3344:1:2:0:0:0	1	1	0.84178
 vh_dup_72	0	0	0.072342105
S_INS_2507	1	1	0.88706434
vh_mei_773	1	1	0.58175135
T_INS_890	1	1	0.9644149
vh_mei_774	0	1	0.85844564
vh_mei_775	1	1	0.9722889
MantaINS:74887:0:0:0:0:0	1	1	0.9498012
vh_mei_776	0	0	0.1754483
vh_mei_777	1	1	0.8048169
PD_17532	0	0	0.14185937
vh_mei_778	1	1	0.9888287
S_INS_2519	1	1	0.7125215
vh_mei_779	1	0	0.0738237
PD_17547	1	1	0.9579024
T_INS_898	1	1	0.8205297
PD_17559	1	1	0.71352917
S_INS_2523	0	1	0.6688788
PD_17566	1	1	0.9724938
MantaINS:10890:8:8:1:0:0	1	1	0.94334036
vh_mei_780	1	1	0.79186785
PD_17574	1	0	0.23939255
PD_17595	1	1	0.9739314
PD_17598	1	1	0.9808421
MantaINS:75440:0:0:1:1:0	1	1	0.9768956
T_INS_899	1	1	0.9546654
PD_17607	1	1	0.7890562
PD_17609	0	0	0.20745805
MantaINS:75525:0:0:0:1:0	0	0	0.3779782
A_INS_1410	1	1	0.8224517
PD_17616	0	0	0.089546464
A_INS_1413	1	1	0.9121329
vh_mei_783	0	1	0.5027216
PD_17638	0	0	0.23996691
PD_17644	0	0	0.2518314
S_INS_2541	1	1	0.9657633
PD_17650	1	1	0.9382119
PD_17651	1	1	0.86933076
PD_17654	0	0	0.16562836
A_INS_1417	0	0	0.018833637
PD_17667	1	1	0.94954616
vh_mei_784	0	0	0.16456784
T_INS_901	0	1	0.698215
vh_mei_785	0	0	0.3200569
MantaINS:76024:0:0:0:0:0	1	1	0.9594498
PD_17705	1	1	0.9060925
DUP00011574	0	0	0.18421596
MantaINS:76036:0:0:1:0:0	1	1	0.9751483
T_INS_905	1	1	0.97999656
A_INS_1427	0	0	0.20193748
vh_mei_786	1	0	0.11561444
PD_17733	0	0	0.1453479
PD_17738	1	1	0.86307055
A_INS_1429	0	0	0.020778745
PD_17747	1	1	0.7375159
A_INS_1432	1	1	0.7531524
PD_17762	1	0	0.34717754
PD_17765	0	0	0.1481455
DUP00011662	0	0	0.31196168
PD_17769	0	0	0.122084364
PD_17767	0	0	0.14510025
PD_17773	0	0	0.44564906
PD_17780	0	0	0.14033042
PD_17781	0	0	0.32853198
MantaINS:92680:0:0:2:0:0	1	1	0.98316664
vh_mei_787	1	1	0.6782191
PD_17790	1	1	0.9652532
S_INS_2562	1	1	0.97567517
PD_17800	1	1	0.96403825
T_INS_907	1	1	0.9940135
MantaINS:92787:0:0:0:1:0	1	1	0.89350575
PD_17824	0	0	0.3132644
PD_17862	1	1	0.9661874
MantaINS:92948:0:0:0:0:0	1	1	0.79079694
T_INS_911	0	0	0.43214425
A_INS_1440	1	1	0.9029991
MantaINS:92985:0:0:0:0:0	1	1	0.992199
PD_17887	1	1	0.57729566
S_INS_2584	1	1	0.84157014
vh_mei_789	0	0	0.06961788
vh_mei_790	1	1	0.97986287
vh_mei_791	0	0	0.07247093
MantaINS:93318:0:0:0:0:0	1	1	0.97006154
vh_mei_792	1	1	0.9752136
vh_mei_793	1	1	0.59157324
vh_mei_795	0	0	0.44090497
MantaINS:93442:0:0:0:0:0	1	1	0.9933351
T_INS_918	1	1	0.97537076
PD_17982	1	1	0.98355573
A_INS_1454	1	1	0.9777624
PD_17991	0	0	0.0643096
T_INS_919	1	1	0.94154745
vh_mei_796	0	0	0.29553533
A_INS_1456	0	0	0.20125644
A_INS_1457	0	0	0.11416984
vh_mei_797	0	0	0.07418723
T_INS_923	0	1	0.7121853
S_INS_2606	1	1	0.8052096
A_INS_1464	1	1	0.9481936
S_INS_2608	0	1	0.58593667
PD_18058	1	0	0.36215886
vh_mei_799	1	1	0.988882
PD_18076	1	0	0.4835995
vh_mei_800	0	0	0.30835864
T_INS_926	1	1	0.83380055
MantaINS:94137:0:0:1:0:0	1	1	0.9614089
vh_mei_801	1	1	0.98169565
vh_mei_802	0	0	0.3121013
vh_mei_803	1	1	0.98192585
vh_mei_804	1	1	0.95955247
vh_mei_805	1	1	0.98177356
vh_mei_806	1	1	0.9235776
PD_18164	1	1	0.98007166
PD_18168	1	0	0.43821642
vh_mei_807	1	1	0.5952689
PD_18182	0	0	0.2989336
vh_mei_808	1	1	0.9822535
S_INS_2624	1	1	0.99037206
PD_18195	1	1	0.960455
PD_18203	0	0	0.429447
PD_18207	1	1	0.93697125
vh_mei_811	0	1	0.5577943
T_INS_938	1	1	0.95624626
PD_18293	1	1	0.9747209
T_INS_943	1	1	0.69554615
PD_18297	0	0	0.39648953
vh_mei_813	0	0	0.066619575
PD_18324	1	1	0.73614186
T_INS_944	1	1	0.98666984
PD_18387	1	1	0.82188284
vh_mei_815	0	0	0.053159326
vh_mei_816	1	0	0.41381425
vh_mei_817	1	1	0.9508123
PD_18436	1	0	0.43711936
S_INS_2655	1	1	0.9801452
vh_mei_818	1	1	0.9914682
S_INS_2656	1	1	0.86014545
PD_18457	0	0	0.36918
vh_mei_819	1	1	0.95832163
PD_18463	1	1	0.9702672
MantaINS:95685:0:0:0:0:0	1	1	0.95038956
MantaINS:95713:0:0:0:0:0	1	1	0.98056924
PD_18477	1	1	0.6870899
S_INS_2661	1	1	0.9881395
vh_mei_820	1	1	0.9817277
vh_mei_821	1	1	0.7917298
MantaINS:95829:0:0:0:0:0	1	1	0.97467244
PD_18527	0	0	0.3179722
T_INS_953	1	1	0.5931788
PD_18543	0	0	0.14033042
A_INS_1497	1	1	0.96031886
vh_mei_822	1	1	0.95157385
vh_mei_823	1	1	0.7295357
MantaINS:96110:0:0:0:0:0	1	1	0.87440145
S_INS_2684	1	1	0.78759086
MantaINS:96153:0:0:0:0:0	1	1	0.9935709
vh_mei_824	1	1	0.98125
PD_18590	1	1	0.59047323
T_INS_957	1	1	0.98544043
PD_18603	1	1	0.93780565
vh_mei_825	1	1	0.9644049
vh_mei_826	1	1	0.9820952
S_INS_2692	1	1	0.9541658
MantaINS:96348:0:0:0:0:0	1	1	0.93298113
vh_mei_827	1	1	0.99126136
PD_18634	0	0	0.3008606
T_INS_962	1	1	0.7499329
PD_18660	0	0	0.32485574
S_INS_2705	1	1	0.92972094
A_INS_1505	0	0	0.16286266
A_INS_1509	0	0	0.27968043
PD_18700	0	0	0.29695255
PD_18720	1	0	0.20476079
T_INS_965	1	1	0.8475722
PD_18726	1	1	0.8229356
T_INS_967	1	1	0.9657908
PD_18753	1	1	0.8036483
vh_mei_828	0	0	0.21022567
T_INS_968	1	1	0.95648336
MantaINS:96942:0:0:0:0:0	1	1	0.98886824
PD_18762	1	0	0.359398
T_INS_970	0	0	0.39193177
PD_18766	1	1	0.9553438
vh_mei_829	1	1	0.97478527
vh_mei_830	1	1	0.9550351
PD_18773	1	1	0.97590286
S_INS_2720	1	1	0.97026855
vh_mei_831	1	1	0.983325
PD_18800	1	1	0.6876261
PD_18808	1	1	0.95621485
S_INS_2724	1	1	0.8894112
vh_mei_832	0	0	0.13318975
vh_mei_833	1	1	0.96980315
T_INS_976	1	1	0.7575482
PD_18829	1	1	0.9526011
DUP00012362	0	0	0.032244045
MantaDUP:TANDEM:97384:0:1:0:0:0	0	0	0.48819205
vh_mei_834	1	1	0.6887634
MantaINS:97409:0:0:0:0:0	1	1	0.71557534
S_INS_2729	0	1	0.8527316
T_INS_977	1	1	0.9731425
PD_18850	1	0	0.45190516
A_INS_1524	0	0	0.30336627
PD_18868	1	1	0.96084267
S_INS_2731	1	1	0.97075313
A_INS_1525	0	0	0.008300001
vh_mei_835	0	0	0.21700214
PD_18876	1	1	0.9243135
 vh_dup_80	0	0	0.14301616
PD_18887	0	0	0.32277805
vh_mei_836	0	1	0.5627103
A_INS_1531	1	1	0.9658509
T_INS_980	1	1	0.96969104
vh_mei_837	0	0	0.07563643
vh_mei_838	0	1	0.5187885
T_INS_983	1	1	0.991667
vh_mei_839	1	1	0.93772274
PD_18931	1	1	0.56110454
vh_mei_840	1	1	0.97902256
vh_mei_841	1	1	0.97516793
MantaINS:97933:0:0:0:0:0	1	1	0.9892123
A_INS_1538	0	0	0.15001455
PD_18953	1	1	0.74946624
MantaINS:98093:0:0:0:0:0	1	1	0.9757579
vh_mei_842	1	1	0.84966534
PD_18977	1	1	0.8840724
vh_mei_843	1	1	0.99067616
A_INS_1543	1	1	0.83401763
T_INS_989	0	1	0.83728695
PD_19022	1	0	0.296496
PD_19024	0	0	0.3230203
vh_mei_844	1	1	0.99150825
T_INS_991	1	1	0.93985707
vh_mei_845	1	1	0.9288598
vh_mei_846	1	1	0.9863901
DUP00012553	0	0	0.2068336
MantaINS:98740:0:0:0:0:1	1	1	0.9811251
MantaDUP:TANDEM:98794:1:4:0:0:0	0	0	0.30241948
MantaDUP:TANDEM:98804:0:1:0:0:0	1	1	0.78983724
T_INS_995	1	1	0.9937099
PD_19109	1	1	0.7292288
T_INS_997	1	1	0.9861558
MantaINS:99036:0:0:0:0:0	0	0	0.18041664
T_INS_999	1	1	0.9713618
T_INS_1000	1	1	0.9375541
S_INS_2783	1	1	0.9850971
S_INS_2787	1	1	0.9244468
A_INS_1549	0	1	0.7268638
PD_19160	0	0	0.2745071
DUP00012674	0	0	0.06368799
PD_19168	1	1	0.538705
PD_19179	1	1	0.92883736
T_INS_1003	0	0	0.026856074
PD_19211	0	1	0.7223094
S_INS_2802	1	1	0.98831904
A_INS_1555	0	0	0.1522157
A_INS_1556	0	0	0.0070804902
PD_19223	1	1	0.936743
PD_19235	1	1	0.9724938
DUP00012785	0	0	0.006266068
S_INS_2806	1	1	0.99124134
S_INS_2814	1	1	0.84467995
T_INS_1006	1	1	0.8159878
MantaINS:86809:0:0:0:0:0	1	1	0.98207885
PD_19279	0	0	0.12634572
PD_19285	1	1	0.9373139
A_INS_1562	1	1	0.8770382
MantaINS:86847:0:0:0:0:0	1	1	0.9677064
vh_mei_850	1	1	0.977248
T_INS_1009	1	1	0.9370409
T_INS_1010	1	1	0.88685894
vh_mei_851	1	1	0.98473525
vh_mei_852	1	0	0.4919254
MantaINS:87117:0:0:0:0:0	1	1	0.9827368
INS00012852	1	1	0.7930456
MantaINS:87220:0:0:0:0:0	1	1	0.95946586
PD_19369	1	0	0.12174415
T_INS_1012	1	1	0.98859954
vh_mei_853	0	0	0.22429515
PD_19384	0	0	0.4237806
S_INS_2833	0	0	0.061538924
PD_19409	0	0	0.07106276
vh_mei_854	0	0	0.47301868
vh_mei_855	0	0	0.25867414
vh_mei_856	1	1	0.9857846
MantaINS:87555:0:0:0:0:0	1	1	0.9781266
PD_19437	0	0	0.17978284
S_INS_2837	1	1	0.98808265
T_INS_1016	1	1	0.9782103
MantaINS:22268:1:1:0:0:0	1	1	0.96999973
MantaINS:87667:0:0:0:0:0	1	1	0.94348496
T_INS_1017	1	1	0.93627036
vh_mei_858	1	1	0.7468256
T_INS_1019	1	1	0.9387553
A_INS_1581	0	0	0.4058771
vh_mei_859	1	1	0.9931852
T_INS_1022	1	1	0.93534446
vh_mei_860	1	1	0.9519957
PD_19519	1	1	0.98152393
T_INS_1025	1	1	0.9387353
MantaINS:88007:0:0:0:0:0	1	1	0.85924244
MantaINS:88056:0:0:1:0:0	1	1	0.96982217
MantaINS:88064:0:0:1:0:0	1	1	0.9940679
T_INS_1027	1	1	0.9937576
vh_mei_861	1	1	0.9798528
T_INS_1030	0	0	0.17210189
vh_mei_862	1	1	0.97301483
vh_mei_863	0	0	0.033889927
A_INS_1590	1	1	0.9367172
PD_19671	1	1	0.96555257
vh_mei_864	0	1	0.6223829
S_INS_2865	1	1	0.9804213
T_INS_1034	0	1	0.6618321
vh_mei_865	0	0	0.2157036
PD_19722	1	1	0.7336179
MantaINS:88659:0:0:0:0:0	1	1	0.96107537
PD_19736	1	1	0.90372795
vh_mei_866	0	0	0.17707345
T_INS_1036	1	1	0.8767266
vh_mei_867	0	1	0.787045
PD_19777	1	0	0.33060637
S_INS_2879	0	1	0.685764
vh_mei_869	0	0	0.11422523
S_INS_2885	1	1	0.98119515
PD_19820	0	0	0.39992982
vh_mei_871	1	1	0.73414785
vh_mei_872	1	1	0.9721119
MantaINS:89097:0:0:0:0:0	1	1	0.8114371
A_INS_1602	1	1	0.56137925
PD_19845	1	1	0.9627705
S_INS_2890	1	1	0.9168389
vh_mei_873	1	1	0.8458829
MantaINS:89181:0:0:0:0:0	1	1	0.897712
PD_19851	0	0	0.3228265
vh_mei_874	0	0	0.17616308
T_INS_1047	0	0	0.07151641
 vh_dup_91	0	0	0.1450564
T_INS_1048	1	1	0.9729872
PD_19861	1	1	0.8092036
PD_19872	1	0	0.2952188
PD_19874	0	0	0.119311415
MantaINS:89394:0:0:1:1:0	0	1	0.53516334
S_INS_2902	1	1	0.92416614
DUP00013285	1	0	0.41448572
MantaINS:89472:0:0:0:0:0	1	1	0.99123573
vh_mei_875	1	1	0.9807897
vh_mei_876	0	0	0.2814556
vh_mei_877	0	0	0.094329126
T_INS_1051	1	1	0.9523267
 vh_dup_94	1	0	0.38930294
vh_mei_878	1	0	0.44090497
PD_19913	1	1	0.9445904
PD_19915	0	0	0.19676588
MantaDUP:TANDEM:89684:0:1:0:0:0	1	1	0.9598066
PD_19923	1	1	0.81820536
PD_19924	0	0	0.18597645
T_INS_1052	0	0	0.47843373
PD_19928	0	1	0.627598
PD_19958	1	1	0.6596928
PD_19961	1	1	0.9557866
MantaINS:89930:0:0:0:0:0	1	1	0.9603328
S_INS_2924	1	1	0.99040365
vh_mei_880	1	1	0.95317304
MantaINS:90078:0:0:1:0:0	1	1	0.98563683
T_INS_1055	1	1	0.9510641
vh_mei_882	0	0	0.06668021
S_INS_2933	1	1	0.9595732
PD_20014	1	1	0.76104337
T_INS_1057	1	1	0.9306452
vh_mei_883	0	0	0.016995313
T_INS_1058	1	1	0.9929773
T_INS_1059	1	1	0.72079223
vh_mei_884	0	0	0.103482924
PD_20062	1	0	0.3970721
PD_20067	1	1	0.57506156
vh_mei_886	1	1	0.95940703
A_INS_1640	1	1	0.8879379
S_INS_2944	1	1	0.8595627
T_INS_1063	1	1	0.9885994
MantaINS:90551:0:0:0:0:0	1	1	0.8075737
PD_20113	1	1	0.91962755
T_INS_1065	1	1	0.9291487
vh_mei_888	0	0	0.053159326
2218	0	0	0.12861453
MantaINS:90669:0:0:0:2:0	1	1	0.6827833
vh_mei_889	1	1	0.9625028
MantaINS:90697:0:0:0:0:0	1	1	0.9733515
PD_20141	0	0	0.12272461
MantaINS:90735:0:0:0:0:0	1	1	0.9241468
vh_mei_890	0	0	0.069868006
MantaINS:90759:0:0:0:1:0	1	1	0.98093444
A_INS_1644	1	1	0.9606632
PD_20178	1	1	0.94120944
PD_20180	0	1	0.76859295
PD_20181	0	0	0.34600165
PD_20196	1	0	0.3517109
PD_20204	1	1	0.9359451
vh_mei_891	1	1	0.9881918
PD_20210	0	0	0.20585497
MantaINS:90960:0:0:0:0:0	1	1	0.987445
PD_20227	1	1	0.9612983
PD_20233	1	1	0.5355641
vh_mei_892	1	1	0.99186873
T_INS_1071	1	1	0.99587953
T_INS_1072	0	0	0.22287574
vh_mei_893	1	1	0.9459166
S_INS_2973	1	1	0.98744875
vh_mei_894	1	1	0.97804683
vh_mei_895	1	1	0.9843567
A_INS_1648	0	0	0.0226518
vh_mei_896	1	1	0.9896856
vh_mei_897	1	1	0.9875015
vh_mei_898	1	1	0.98737437
vh_mei_899	1	0	0.39610195
PD_20311	1	1	0.9353179
S_INS_2979	1	1	0.92876434
MantaINS:91288:0:0:1:0:0	1	1	0.9906917
A_INS_1653	0	0	0.009857747
vh_mei_900	0	0	0.016753506
PD_20345	1	1	0.9680424
A_INS_1655	0	0	0.01872444
vh_mei_901	1	1	0.85255766
PD_20379	1	1	0.6164509
A_INS_1659	0	0	0.036833044
S_INS_2987	1	1	0.9893183
vh_mei_902	0	0	0.06668021
PD_20429	0	0	0.1659193
vh_mei_904	0	0	0.16677612
vh_mei_905	1	1	0.94806254
A_INS_1668	0	0	0.09737552
DUP00013700	0	0	0.116219655
MantaINS:91898:1:2:0:0:0	0	1	0.89262843
A_INS_1669	1	1	0.948633
PD_20500	0	0	0.116854906
PD_20507	1	1	0.9218054
PD_20510	0	0	0.2197441
A_INS_1671	1	1	0.87293565
A_INS_1675	0	0	0.03357977
vh_mei_906	1	1	0.9785018
vh_mei_907	1	1	0.9837479
vh_mei_908	0	0	0.13390388
vh_mei_909	1	1	0.92636937
PD_20605	1	1	0.9488866
T_INS_1085	0	0	0.31590685
A_INS_1679	0	0	0.08379631
PD_20612	1	1	0.8823706
T_INS_1087	1	1	0.9795633
PD_20613	1	0	0.45418656
DUP00013793	0	0	0.010995505
PD_20618	1	1	0.9703504
PD_20623	1	0	0.4623357
PD_20627	1	1	0.8501518
MantaINS:103862:0:0:0:0:0	1	1	0.85924244
S_INS_3017	1	1	0.9368969
PD_20642	0	0	0.44035104
T_INS_1090	0	0	0.3520825
MantaINS:103887:0:0:0:0:0	0	1	0.63732547
T_INS_1091	1	1	0.8932412
MantaINS:103962:0:0:0:0:0	1	1	0.9629175
A_INS_1684	1	1	0.6971657
DUP00013853	0	0	0.09255611
A_INS_1687	1	1	0.95557576
PD_20679	1	1	0.97278994
T_INS_1092	1	1	0.559494
MantaINS:104153:0:0:0:0:0	1	1	0.96790075
A_INS_1691	1	1	0.5998086
vh_mei_913	0	1	0.57466596
S_INS_3031	1	1	0.91461885
T_INS_1095	1	1	0.97280866
MantaINS:104256:0:0:0:0:0	1	1	0.9691177
vh_mei_914	0	0	0.0738237
DUP00013900	0	0	0.1291702
PD_20767	0	0	0.26984516
vh_mei_916	0	0	0.038518976
vh_mei_915	1	1	0.985993
S_INS_3034	1	1	0.98516315
MantaINS:104434:0:0:0:0:0	1	1	0.9589192
vh_mei_917	1	1	0.98921096
T_INS_1100	1	1	0.98165673
PD_20789	1	1	0.96073085
vh_mei_918	0	0	0.1586954
MantaDUP:TANDEM:104623:0:1:0:0:0	1	1	0.7315669
 vh_dup_97	0	0	0.046686646
S_INS_3041	1	1	0.95905286
DUP00013969	1	1	0.61969215
T_INS_1103	1	1	0.94392633
vh_mei_919	1	1	0.9927295
vh_mei_921	1	0	0.07418723
INS00013987	1	1	0.85248226
MantaINS:104802:0:0:0:0:0	1	1	0.95618105
PD_20863	1	1	0.95539623
PD_20870	0	0	0.14163601
vh_mei_923	1	1	0.558783
PD_20883	0	0	0.31755784
T_INS_1107	0	0	0.2909247
T_INS_1108	1	1	0.9564726
vh_mei_924	1	0	0.40922147
vh_mei_926	1	1	0.9771245
MantaDUP:TANDEM:105159:0:1:0:0:0	1	1	0.8592695
MantaINS:105206:0:0:0:0:0	1	1	0.97355336
vh_mei_927	1	1	0.97834617
T_INS_1111	1	1	0.96225697
vh_mei_928	1	1	0.9791308
A_INS_1714	0	0	0.011303235
vh_mei_929	1	1	0.97383267
T_INS_1115	1	1	0.9277453
A_INS_1716	1	1	0.96399385
vh_mei_930	1	1	0.9722596
S_INS_3064	1	1	0.96198905
vh_mei_931	1	0	0.2782858
vh_mei_932	1	1	0.9884411
T_INS_1118	1	1	0.9653796
A_INS_1719	0	0	0.04624621
vh_mei_933	1	1	0.9893183
vh_mei_934	1	1	0.89948136
vh_mei_935	1	1	0.6957237
T_INS_1124	0	0	0.41529334
vh_mei_936	0	0	0.19304223
T_INS_1126	1	1	0.98554534
vh_mei_937	1	1	0.9550065
vh_mei_938	1	0	0.30224773
MantaINS:105955:0:0:0:0:0	1	1	0.9683344
PD_21170	1	1	0.64563316
DUP00014231	0	0	0.2212507
PD_21173	0	0	0.12298284
vh_mei_941	0	1	0.61313343
MantaINS:106084:0:0:0:0:0	1	1	0.9912526
vh_mei_942	0	1	0.6038051
PD_21187	1	1	0.95296663
PD_21199	0	0	0.11170126
vh_mei_943	0	0	0.40922147
PD_21206	1	1	0.7455137
MantaINS:106255:0:0:0:0:0	1	1	0.9665353
MantaINS:106293:0:0:0:0:0	1	1	0.98807645
vh_mei_944	1	1	0.978101
PD_21227	1	0	0.4509523
MantaINS:106334:0:0:0:0:0	1	1	0.99330646
A_INS_1742	0	0	0.1652755
A_INS_1743	0	0	0.027586348
vh_mei_946	1	1	0.9666862
PD_21253	0	0	0.18587834
vh_mei_947	1	1	0.95177114
T_INS_1134	1	1	0.7627442
S_INS_3097	1	1	0.8498104
vh_mei_948	0	0	0.25530705
vh_mei_949	1	1	0.98841304
vh_mei_950	0	0	0.053159326
T_INS_1136	1	1	0.95037216
A_INS_1750	0	0	0.05169576
PD_21303	1	1	0.9339765
MantaINS:106758:0:0:0:0:0	0	0	0.39131102
PD_21316	0	0	0.09273745
vh_mei_952	1	1	0.8987343
MantaINS:106851:0:0:1:0:0	1	1	0.9884813
MantaINS:106852:0:0:0:1:0	1	1	0.960453
PD_21339	0	0	0.16787218
PD_21358	0	1	0.6428234
PD_21367	0	0	0.10024133
MantaINS:107001:0:0:0:0:0	1	1	0.9893589
T_INS_1140	1	1	0.913975
PD_21389	0	0	0.06841507
T_INS_1142	1	1	0.88034695
vh_mei_953	1	1	0.9914023
T_INS_1144	1	1	0.8917805
vh_mei_954	1	1	0.98080057
PD_21443	1	1	0.94605935
2362	1	1	0.8140563
MantaINS:107374:0:0:0:0:0	1	1	0.98021495
PD_21466	0	0	0.39013493
PD_21478	1	1	0.8461769
vh_mei_955	1	1	0.98790145
PD_21495	0	0	0.27642515
vh_mei_956	1	1	0.78996956
vh_mei_957	0	0	0.07928718
MantaINS:94747:1:1:0:0:0	1	1	0.976262
PD_21521	1	1	0.9355864
vh_mei_958	0	0	0.053159326
PD_21528	1	1	0.9874858
vh_mei_959	1	1	0.9922747
MantaINS:107679:0:0:0:0:0	1	1	0.99093235
S_INS_3146	1	1	0.9234697
MantaINS:107851:0:0:0:0:0	1	1	0.9683418
INS00014897	1	1	0.82809925
S_INS_3155	1	1	0.8624151
PD_21574	0	0	0.15566482
PD_21576	1	0	0.3186555
MantaDUP:TANDEM:107910:0:1:0:0:0	1	1	0.7393847
S_INS_3158	1	1	0.9597116
S_INS_3160	1	1	0.7562052
vh_mei_961	1	1	0.98765403
vh_mei_962	1	1	0.6221348
vh_mei_963	1	1	0.99175656
T_INS_1155	1	1	0.9605457
vh_mei_964	0	0	0.11422523
A_INS_1763	1	1	0.7156803
S_INS_3164	1	1	0.9904157
MantaINS:108335:0:0:1:0:0	1	1	0.9867181
PD_21645	0	0	0.093220785
MantaINS:108389:0:0:0:0:0	1	1	0.88228685
PD_21654	1	1	0.95418525
PD_21656	1	1	0.97668505
S_INS_3166	1	1	0.9750728
PD_21659	1	1	0.5427735
vh_mei_966	0	0	0.052800737
T_INS_1156	1	1	0.99636394
vh_mei_968	0	0	0.10539985
T_INS_1157	1	1	0.97147995
vh_mei_969	1	1	0.92347187
T_INS_1160	1	1	0.9845152
T_INS_1162	0	0	0.42275026
T_INS_1163	1	1	0.9642057
A_INS_1770	0	0	0.014974556
S_INS_3179	1	1	0.8851146
PD_21712	1	1	0.55868196
A_INS_1776	0	0	0.15331234
MantaINS:108756:0:0:0:0:0	1	1	0.95999247
vh_mei_971	0	0	0.48323774
vh_mei_972	0	0	0.18827549
MantaINS:108813:0:0:0:0:0	1	1	0.99005216
PD_21733	0	0	0.2085084
PD_21756	1	1	0.9606809
S_INS_3190	1	1	0.9695155
T_INS_1166	1	1	0.9371317
T_INS_1167	1	1	0.99046636
vh_mei_973	0	0	0.0738237
MantaINS:109234:0:0:0:0:0	1	1	0.97654223
vh_mei_974	0	1	0.57466596
vh_mei_975	0	1	0.6782191
vh_mei_976	0	0	0.25530705
A_INS_1795	0	0	0.014974556
A_INS_1797	0	0	0.029924903
A_INS_1798	0	0	0.012363954
vh_mei_978	0	0	0.19502006
MantaINS:31569:1:1:0:0:0	1	1	0.95170957
MantaINS:109503:1:1:0:0:0	1	1	0.989847
S_INS_3208	1	1	0.9583295
MantaINS:109629:0:0:0:0:0	1	1	0.9164095
S_INS_3215	0	1	0.6145975
MantaDUP:TANDEM:109653:0:1:0:0:0	1	1	0.9751372
PD_21903	1	1	0.64323014
PD_21914	1	1	0.94533265
S_INS_3223	1	1	0.9789128
PD_21918	0	0	0.42537668
PD_21921	1	0	0.47586694
PD_21929	1	1	0.97808516
PD_21930	1	1	0.8466445
vh_mei_983	1	1	0.9833504
A_INS_1814	1	1	0.51659507
vh_mei_984	1	1	0.9168514
PD_21960	1	0	0.26018295
PD_21979	1	1	0.89971036
S_INS_3233	1	1	0.9863027
PD_21986	1	1	0.94067043
MantaDUP:TANDEM:110001:0:1:0:0:0	1	1	0.8582943
vh_mei_986	0	0	0.32226166
PD_21993	1	1	0.9075619
MantaINS:110035:0:0:0:1:0	1	1	0.93912864
PD_22006	0	0	0.21726377
A_INS_1818	1	1	0.91691643
PD_22009	1	1	0.68695575
vh_mei_988	1	1	0.8134787
PD_22049	1	1	0.9788421
vh_mei_990	1	1	0.9845579
vh_mei_991	1	1	0.9689267
MantaINS:99481:0:0:0:1:0	1	1	0.9827278
PD_22082	0	0	0.16659175
MantaINS:99501:0:0:0:0:0	1	1	0.95299685
PD_22084	0	0	0.15436783
vh_mei_993	1	1	0.9406913
A_INS_1825	1	1	0.94605595
T_INS_1186	1	1	0.9686044
T_INS_1187	1	1	0.9267505
T_INS_1188	1	1	0.98054713
PD_22157	1	0	0.31979075
T_INS_1191	1	1	0.98223996
PD_22163	1	1	0.7488257
PD_22169	1	1	0.9452006
PD_22211	0	0	0.18175903
PD_22222	0	0	0.042935032
PD_22224	0	0	0.13804951
PD_22231	0	0	0.23655699
MantaINS:100095:0:0:0:0:2	1	1	0.98384744
2448	0	0	0.18846464
vh_mei_996	1	1	0.52601236
vh_mei_997	1	0	0.066619575
T_INS_1194	0	1	0.74208826
PD_22270	1	1	0.8532716
PD_22276	1	1	0.7149679
PD_22283	1	1	0.98245853
PD_22301	0	0	0.27956906
vh_mei_999	0	0	0.21022567
T_INS_1196	1	1	0.96899956
vh_mei_1001	0	0	0.07563643
T_INS_1197	1	1	0.9798149
vh_mei_1002	1	1	0.9806372
T_INS_1199	1	1	0.99533796
vh_mei_1003	0	0	0.06961788
vh_mei_1004	1	1	0.76676595
A_INS_1844	0	0	0.025416763
vh_mei_1006	1	1	0.9846414
vh_mei_1007	0	0	0.07418723
vh_mei_1008	1	1	0.98708886
PD_22363	1	1	0.76442856
S_INS_3308	1	1	0.9939553
MantaINS:100710:0:0:0:0:0	1	1	0.97954845
PD_22382	1	1	0.93212235
T_INS_1203	1	1	0.97255415
vh_mei_1009	1	1	0.97796464
vh_mei_1010	0	1	0.6830449
PD_22405	1	1	0.9669193
MantaINS:100843:0:0:0:0:0	1	1	0.9786768
vh_mei_1011	1	1	0.9941916
PD_22430	0	0	0.261822
S_INS_3318	1	1	0.99305785
vh_mei_1012	0	0	0.06668021
S_INS_3325	1	1	0.8663641
vh_mei_1013	1	1	0.9257975
T_INS_1211	1	1	0.97698545
vh_mei_1014	0	0	0.030628042
T_INS_1213	1	1	0.99124473
T_INS_1214	1	1	0.9931861
MantaINS:101226:0:0:0:0:0	1	1	0.9897776
vh_mei_1015	1	1	0.99368423
vh_mei_1016	1	1	0.871246
S_INS_3332	1	1	0.8155485
vh_mei_1017	1	1	0.9696535
S_INS_3334	0	0	0.06860425
MantaINS:101408:0:0:0:0:0	1	1	0.897712
A_INS_1850	1	1	0.94441396
vh_mei_1018	1	1	0.5330571
PD_22570	0	0	0.111014366
T_INS_1220	1	1	0.9647718
vh_mei_1019	1	1	0.9821784
vh_mei_1020	0	1	0.5080163
S_INS_3338	1	1	0.9140173
S_INS_3341	1	1	0.9728924
S_INS_3345	1	1	0.8721243
PD_22627	1	1	0.8352179
MantaINS:101781:0:0:0:0:0	1	1	0.96072644
S_INS_3357	1	1	0.98009026
PD_22693	1	1	0.9747209
vh_mei_1021	0	0	0.32226166
vh_mei_1022	1	1	0.95748526
vh_mei_1023	0	0	0.11218736
T_INS_1225	1	1	0.9127382
vh_mei_1024	1	1	0.9899843
vh_mei_1025	1	1	0.93137616
PD_22718	1	1	0.9344586
vh_mei_1026	0	0	0.22132704
T_INS_1228	1	1	0.9890086
PD_22760	1	1	0.95783204
S_INS_3373	1	1	0.9621615
A_INS_1867	1	1	0.97119987
T_INS_1230	1	1	0.9139242
vh_mei_1027	0	0	0.4867949
vh_mei_1028	1	1	0.86974895
PD_22797	1	1	0.9654345
vh_mei_1029	1	1	0.94437116
S_INS_3381	1	1	0.9708593
MantaINS:102569:0:0:0:0:0	1	1	0.91991055
T_INS_1235	1	1	0.9704378
PD_22829	1	1	0.972355
T_INS_1236	1	1	0.9933021
MantaINS:102641:0:0:0:0:0	1	1	0.99144155
PD_22836	0	0	0.08734337
PD_22838	1	0	0.44867042
vh_mei_1030	1	0	0.2865377
vh_mei_1031	1	1	0.98898834
PD_22840	0	0	0.30606425
vh_mei_1032	0	0	0.04067439
T_INS_1238	1	1	0.9931971
vh_mei_1033	1	1	0.558783
PD_22845	1	1	0.9715307
MantaINS:102725:0:0:0:0:0	1	1	0.99134034
MantaINS:102734:0:0:0:0:0	1	1	0.96578294
vh_mei_1036	1	1	0.968578
vh_mei_1037	1	1	0.6221348
PD_22881	0	0	0.4023371
PD_22884	1	1	0.94496083
PD_22889	0	0	0.29628733
vh_mei_1038	1	1	0.96450114
MantaDUP:TANDEM:103019:0:1:0:0:0	1	1	0.9862402
vh_mei_1039	0	0	0.053159326
T_INS_1245	1	1	0.8695662
vh_mei_1040	1	1	0.97815835
T_INS_1247	1	1	0.9760232
PD_22947	1	0	0.16743904
T_INS_1249	1	1	0.9702855
vh_mei_1041	1	1	0.9477095
S_INS_3401	1	1	0.9740088
vh_mei_1042	1	1	0.90691274
vh_mei_1043	0	0	0.28570455
vh_mei_1044	0	0	0.066748105
MantaINS:60873:1:1:0:0:0	1	1	0.987415
vh_mei_1046	0	0	0.37281993
vh_mei_1047	0	0	0.3037492
MantaINS:103478:0:0:0:0:0	1	1	0.9928514
T_INS_1256	0	0	0.379601
A_INS_1889	0	0	0.0274529
PD_23067	1	1	0.97331583
A_INS_1890	0	0	0.04774181
PD_23087	1	1	0.9489585
vh_mei_1048	1	1	0.5513268
PD_23092	1	1	0.96278864
PD_23096	1	1	0.8383965
PD_23097	1	1	0.60104144
PD_23101	1	0	0.23061694
A_INS_1892	1	1	0.6627596
PD_23109	1	1	0.97229946
PD_23116	1	0	0.2394049
vh_mei_1049	0	0	0.3037492
PD_23134	0	0	0.10799649
A_INS_1894	0	0	0.41665712
PD_23140	1	0	0.23080678
PD_23141	1	1	0.97935414
A_INS_1897	0	0	0.07570283
PD_23196	0	0	0.21257252
vh_mei_1051	1	1	0.95932
PD_23223	0	0	0.15203297
vh_mei_1052	1	1	0.6038051
vh_mei_1053	0	1	0.5495564
PD_23278	1	1	0.9697066
PD_23282	1	1	0.60369205
MantaINS:114212:0:0:0:0:0	1	1	0.96496236
MantaINS:114246:0:0:0:0:0	1	1	0.8629006
PD_23296	1	1	0.9814214
T_INS_1264	1	1	0.951341
vh_mei_1054	1	1	0.9736345
T_INS_1266	1	1	0.9805222
MantaINS:114408:0:0:0:0:0	1	1	0.98855793
T_INS_1268	1	1	0.8543316
vh_mei_1056	1	1	0.6864331
T_INS_1270	0	0	0.09000987
T_INS_1271	1	1	0.86845154
A_INS_1912	1	1	0.92412615
PD_23380	1	1	0.97063017
vh_mei_1059	1	1	0.9779473
S_INS_3454	1	1	0.9555207
PD_23407	1	1	0.942412
PD_23409	0	0	0.337723
vh_mei_1060	0	0	0.11422523
vh_mei_1061	0	0	0.07928718
PD_23440	1	0	0.2738835
T_INS_1276	1	1	0.86847603
vh_mei_1062	0	0	0.21851766
vh_mei_1063	0	0	0.13390388
vh_mei_1064	1	1	0.94543284
PD_23476	0	0	0.4098192
PD_23486	1	1	0.9629993
PD_23500	1	1	0.9641356
A_INS_1921	0	0	0.04713734
vh_mei_1065	1	1	0.9678218
PD_23522	0	0	0.13639408
S_INS_3479	1	1	0.87179863
vh_mei_1066	0	1	0.5127398
2576	1	1	0.5234822
T_INS_1281	1	1	0.97972506
vh_mei_1067	0	0	0.11012554
T_INS_1282	1	1	0.9851018
T_INS_1283	1	1	0.99452907
PD_23582	0	0	0.2925371
MantaINS:115466:1:1:0:0:0	1	1	0.9836965
vh_mei_1068	0	0	0.069868006
vh_mei_1069	1	1	0.9930743
vh_mei_1070	1	1	0.5560996
PD_23610	1	1	0.85947233
vh_mei_1071	1	1	0.9106285
vh_mei_1072	1	1	0.9733244
vh_mei_1073	1	1	0.8437069
vh_mei_1074	1	1	0.6223829
vh_mei_1075	1	1	0.83915484
PD_23647	1	0	0.3010947
PD_23663	0	0	0.23981906
vh_mei_1076	1	1	0.620594
vh_mei_1077	1	1	0.9817399
PD_23667	0	1	0.6500828
T_INS_1291	1	1	0.9711112
vh_mei_1078	1	1	0.9633005
S_INS_3502	1	1	0.8760242
T_INS_1293	0	1	0.60711527
T_INS_1295	1	1	0.77711743
T_INS_1296	1	1	0.9495467
PD_23698	1	1	0.62862253
 vh_dup_111	0	0	0.020142782
vh_mei_1079	1	1	0.98768055
MantaINS:116119:0:0:0:0:0	1	1	0.97939897
T_INS_1299	1	1	0.92163265
PD_23707	1	1	0.6431809
PD_23714	1	1	0.9592046
vh_mei_1080	1	0	0.332233
PD_23721	1	1	0.74504185
PD_23723	1	1	0.885282
vh_mei_1081	1	1	0.98976654
PD_23732	1	1	0.9616618
PD_23740	1	1	0.7227608
PD_23744	0	0	0.3775722
vh_mei_1084	1	1	0.9505839
vh_mei_1085	0	1	0.67513686
vh_mei_1086	1	1	0.98087007
vh_mei_1087	0	0	0.07563643
S_INS_3523	0	1	0.8430927
T_INS_1310	1	1	0.89590216
vh_mei_1088	1	1	0.99224734
MantaINS:116949:0:0:0:0:0	1	1	0.97533405
PD_23860	0	0	0.47777745
PD_23890	0	1	0.7401964
T_INS_1313	1	1	0.94133
T_INS_1314	1	1	0.9370676
vh_mei_1089	0	0	0.09030575
DUP00016588	0	0	0.050821453
PD_23907	1	0	0.31820005
vh_mei_1090	0	0	0.17732681
T_INS_1317	1	1	0.83326834
vh_mei_1091	1	1	0.9486777
T_INS_1319	1	1	0.908183
MantaINS:117417:1:1:0:0:0	1	1	0.9386456
PD_23974	1	1	0.904962
vh_mei_1092	1	1	0.99104077
vh_mei_1093	0	0	0.38626385
PD_24002	0	0	0.08798529
T_INS_1322	1	1	0.71792835
T_INS_1323	1	1	0.80476385
PD_24011	1	1	0.94904083
MantaINS:117733:0:0:0:0:0	1	1	0.8924728
vh_mei_1094	1	1	0.8640694
PD_24042	0	0	0.1835112
PD_24046	1	1	0.96383446
MantaINS:117931:0:0:0:0:0	1	1	0.96342933
PD_24060	1	1	0.5392506
vh_mei_1098	0	0	0.030628042
A_INS_1972	1	1	0.91270244
PD_24210	0	0	0.3563934
PD_24213	1	1	0.5742356
vh_mei_1099	1	1	0.6388668
PD_24216	1	1	0.6168623
vh_mei_1100	1	1	0.990838
T_INS_1336	1	1	0.81562066
vh_mei_1101	1	1	0.9934634
A_INS_1978	1	1	0.95946115
T_INS_1339	1	1	0.98461086
vh_mei_1103	0	0	0.39483026
vh_mei_1104	0	0	0.42167988
MantaINS:110865:0:0:0:0:0	1	1	0.9058836
vh_mei_1105	1	1	0.5141313
vh_mei_1106	0	0	0.11422523
vh_mei_1107	1	1	0.951056
T_INS_1345	1	1	0.9345031
T_INS_1348	1	1	0.9823424
vh_mei_1109	1	1	0.9905839
vh_mei_1110	1	1	0.9563615
T_INS_1351	1	1	0.90276587
MantaINS:111368:0:0:0:1:0	1	1	0.7432633
vh_mei_1112	1	1	0.9714953
MantaINS:24002:1:1:0:0:0	1	1	0.9841487
vh_mei_1113	0	0	0.02407497
MantaDUP:TANDEM:111533:0:1:0:1:0	1	1	0.66850525
S_INS_3597	1	1	0.95528024
PD_24471	1	1	0.96769667
S_INS_3599	1	1	0.7806232
vh_mei_1114	1	1	0.74658483
MantaINS:111632:0:0:0:0:0	1	1	0.9879248
vh_mei_1115	1	0	0.094329126
vh_mei_1117	0	1	0.5488786
MantaINS:111740:0:0:0:0:0	1	1	0.99174106
PD_24534	1	1	0.87162983
vh_mei_1118	1	1	0.98466796
vh_mei_1119	1	1	0.96860707
PD_24554	0	0	0.0856328
vh_mei_1120	1	1	0.991634
PD_24564	1	1	0.94521016
PD_24567	1	1	0.9629352
T_INS_1361	1	1	0.9950245
PD_24571	0	0	0.46168396
DUP00017130	0	0	0.21880127
vh_mei_1121	1	1	0.9922829
S_INS_3640	1	1	0.9073424
vh_mei_1122	1	1	0.70733064
PD_24640	1	1	0.9432884
PD_24647	1	1	0.7852477
vh_mei_1123	1	1	0.738845
A_INS_2019	1	1	0.9514245
S_INS_3644	1	1	0.94168985
PD_24662	1	1	0.52763337
PD_24675	1	1	0.9547738
vh_mei_1124	1	1	0.99134237
vh_mei_1126	1	1	0.69680965
T_INS_1365	1	1	0.9700702
MantaINS:112686:0:0:0:0:0	1	1	0.9882792
vh_mei_1127	1	0	0.37627035
vh_mei_1128	1	1	0.878779
vh_mei_1129	1	1	0.78996956
T_INS_1368	0	1	0.55911946
vh_mei_1131	1	1	0.9759769
PD_24732	1	1	0.9732553
vh_mei_1132	1	1	0.90049714
vh_mei_1133	1	1	0.93680865
DUP00017316	0	0	0.1119888
S_INS_3656	1	1	0.8836127
T_INS_1375	1	1	0.9938239
A_INS_2031	1	1	0.76363134
A_INS_2032	0	0	0.20414501
vh_mei_1134	0	1	0.5152904
T_INS_1377	1	1	0.97257465
A_INS_2036	0	0	0.015679978
PD_24794	1	0	0.49609163
PD_24798	0	0	0.16279854
PD_24801	1	1	0.58470035
T_INS_1379	1	1	0.8306897
vh_mei_1135	0	1	0.5411526
vh_mei_1137	0	0	0.0284737
A_INS_2041	1	1	0.9430656
A_INS_2042	0	0	0.033033803
vh_mei_1138	0	0	0.07634488
vh_mei_1139	0	0	0.20390372
PD_24829	1	1	0.8259361
vh_mei_1140	1	1	0.94718075
PD_24860	1	1	0.9670163
T_INS_1384	1	1	0.9395837
S_INS_3673	1	1	0.9897608
vh_mei_1141	1	1	0.85741395
PD_24895	1	1	0.5354097
vh_mei_1142	1	1	0.84956014
S_INS_3679	1	1	0.9610342
T_INS_1387	1	1	0.96155137
T_INS_1388	1	1	0.98660266
vh_mei_1143	1	1	0.5513268
T_INS_1389	0	1	0.71136457
A_INS_2055	0	0	0.01788125
PD_24947	1	1	0.9769176
vh_mei_1144	1	1	0.90983325
vh_mei_1145	0	0	0.25530705
A_INS_2061	1	1	0.78179944
DUP00017493	0	0	0.021167867
PD_24981	0	0	0.21166888
T_INS_1390	1	1	0.9775548
T_INS_1391	1	1	0.9748052
vh_mei_1146	1	1	0.9613037
MantaDUP:TANDEM:122360:0:0:1:0:0	1	1	0.9837134
vh_mei_1147	0	1	0.50984806
S_INS_3691	1	1	0.98883957
DUP00017560	1	0	0.07557676
PD_25017	0	0	0.17644022
MantaINS:122449:0:0:0:0:0	1	1	0.98878133
MantaINS:122541:0:0:0:0:0	1	1	0.9274617
vh_mei_1148	0	0	0.19264607
PD_25041	0	0	0.31489182
T_INS_1395	1	1	0.9863592
MantaINS:122616:0:0:0:0:0	1	1	0.9936522
A_INS_2072	1	1	0.90940183
PD_25075	1	1	0.9656644
T_INS_1397	1	1	0.961431
T_INS_1398	1	1	0.9850699
PD_25092	0	0	0.26253778
MantaINS:122842:0:0:0:0:0	1	1	0.98909223
MantaINS:122927:0:0:0:0:0	1	1	0.90883905
MantaINS:123092:0:0:0:0:0	1	1	0.88902617
vh_mei_1150	1	0	0.36330682
vh_mei_1151	1	1	0.9687877
A_INS_2083	1	1	0.962836
MantaINS:123249:0:0:0:0:0	1	1	0.98263574
PD_25187	0	0	0.09310446
vh_mei_1152	1	1	0.7295357
PD_25191	1	0	0.35480723
T_INS_1405	1	1	0.9823486
DUP00017713	0	0	0.07557676
T_INS_1407	1	1	0.9724763
A_INS_2089	1	1	0.83340234
T_INS_1408	1	1	0.6586813
PD_25240	0	0	0.10118435
PD_25245	1	1	0.7827357
T_INS_1409	1	1	0.75473005
MantaDUP:TANDEM:123587:0:1:0:3:0	1	1	0.77326506
A_INS_2094	0	0	0.03805223
A_INS_2095	0	0	0.041772343
A_INS_2096	1	1	0.6998618
vh_mei_1153	0	0	0.45716482
A_INS_2102	0	1	0.5037154
A_INS_2105	0	0	0.04429751
DUP00018060	0	0	0.1818022
PD_27346	0	0	0.42750615
vh_mei_1154	0	0	0.016753506
T_INS_1415	1	1	0.99133307
vh_mei_1155	1	1	0.9776921
MantaINS:124376:0:0:0:0:0	1	1	0.97837114
PD_27371	0	0	0.36097598
MantaINS:124440:0:0:0:0:0	1	1	0.97206825
PD_27387	1	1	0.8056299
MantaINS:124678:0:0:0:0:0	1	1	0.90636593
S_INS_3826	1	1	0.98837346
T_INS_1418	1	1	0.97946024
PD_27442	0	0	0.076009266
S_INS_3829	1	1	0.9651326
S_INS_3830	1	1	0.98734635
PD_27479	0	0	0.33132514
PD_27485	0	1	0.5464215
T_INS_1419	1	1	0.99571425
PD_27496	1	1	0.9666595
A_INS_2115	0	0	0.010814387
vh_mei_1156	1	1	0.9788067
T_INS_1421	1	1	0.88912857
T_INS_1422	1	1	0.90998346
MantaINS:30299:1:1:1:0:0	1	1	0.92952704
PD_27515	0	0	0.23744895
MantaINS:125149:0:0:0:0:0	1	1	0.9861833
MantaINS:19201:9:9:0:1:0	1	1	0.87854016
vh_mei_1157	0	0	0.030628042
T_INS_1424	1	1	0.7657178
vh_mei_1158	1	0	0.22989237
vh_mei_1159	0	0	0.22132704
T_INS_1426	1	1	0.95221525
PD_27545	1	1	0.96105635
PD_27552	1	1	0.97856164
vh_mei_1160	1	1	0.6678979
PD_27576	0	0	0.16052127
PD_27582	1	1	0.94722635
S_INS_3852	1	1	0.991867
A_INS_2131	0	0	0.035894044
DUP00018295	1	0	0.22861977
A_INS_2132	0	0	0.04966397
PD_27597	0	0	0.5
 vh_dup_122	0	0	0.046028133
PD_27606	1	1	0.9229469
vh_mei_1163	1	1	0.9726828
PD_27611	1	1	0.98840547
vh_mei_1164	1	1	0.9374529
A_INS_2134	0	0	0.017714813
INS00018335	1	1	0.82809925
PD_27640	1	1	0.96152735
vh_mei_1165	0	1	0.59157324
PD_27656	1	1	0.5612671
A_INS_2140	1	1	0.9692662
S_INS_3865	1	1	0.98215723
vh_mei_1166	0	0	0.051917404
S_INS_3869	1	1	0.9662376
vh_mei_1167	1	1	0.96022874
PD_27684	0	0	0.30670974
vh_mei_1168	1	1	0.77643675
MantaDUP:TANDEM:15:1630:1631:0:0:0	1	1	0.62746006
PD_27702	0	0	0.25486785
A_INS_2145	0	0	0.02992232
vh_mei_1170	0	0	0.07247093
PD_27731	1	1	0.9067644
vh_mei_1171	1	1	0.91688347
PD_27744	0	0	0.11483449
PD_27746	1	1	0.9133466
PD_27760	1	1	0.8661202
A_INS_2151	1	1	0.9313069
MantaINS:118303:0:0:0:0:1	1	1	0.9292832
vh_mei_1172	0	1	0.6090511
MantaINS:118367:0:0:0:0:0	1	1	0.90410745
vh_mei_1173	0	0	0.13390388
PD_27781	1	1	0.89223427
A_INS_2156	0	0	0.021702375
A_INS_2157	1	1	0.90011466
T_INS_1441	1	1	0.9828646
PD_27802	1	1	0.9746636
T_INS_1442	1	1	0.96976066
PD_27807	0	0	0.23067355
PD_27824	1	1	0.97789496
PD_27827	0	0	0.10200244
MantaINS:88383:1:1:0:0:0	1	1	0.9535966
PD_27840	1	1	0.9832101
PD_27841	1	0	0.26100823
PD_27882	1	1	0.8772881
A_INS_2162	0	0	0.009392555
A_INS_2165	1	1	0.94644994
A_INS_2169	0	0	0.13662863
T_INS_1445	1	1	0.9872105
PD_27928	1	1	0.9408045
PD_27932	1	1	0.9520067
vh_mei_1174	0	1	0.6190873
PD_28078	1	1	0.8960216
A_INS_2184	0	0	0.042071488
MantaINS:119493:0:0:0:0:0	0	0	0.4509169
vh_mei_1176	1	0	0.14932732
MantaINS:119541:0:0:3:0:0	1	1	0.95086986
A_INS_2187	1	1	0.9651328
A_INS_2189	1	1	0.61104846
vh_mei_1177	1	1	0.5819859
vh_mei_1178	0	0	0.032930337
T_INS_1456	1	1	0.99050117
vh_mei_1179	1	1	0.9623804
DUP00018762	0	0	0.07557676
A_INS_2196	1	1	0.8957535
S_INS_3938	1	1	0.9715418
DUP00018785	0	0	0.24425203
MantaINS:119935:0:0:0:0:1	1	1	0.8705921
T_INS_1458	1	1	0.85327846
MantaDUP:TANDEM:119996:0:1:0:2:0	0	0	0.47338173
MantaINS:119995:0:0:0:0:1	0	1	0.6125507
PD_28154	0	0	0.10818882
A_INS_2204	1	1	0.797686
T_INS_1460	1	1	0.9726132
vh_mei_1182	0	0	0.07634488
MantaINS:120334:1:1:0:0:0	0	0	0.15456258
DUP00018892	0	0	0.2947408
A_INS_2213	1	1	0.9080481
vh_mei_1183	0	0	0.34789526
T_INS_1462	1	1	0.97059095
PD_28237	0	0	0.25272092
PD_28242	0	0	0.1178139
T_INS_1463	1	1	0.7474056
PD_28246	1	1	0.9747209
T_INS_1464	1	1	0.9887726
T_INS_1465	1	1	0.9638258
vh_mei_1185	1	1	0.9840134
MantaINS:51720:1:1:0:0:0	1	1	0.99043745
PD_28273	0	0	0.3361183
vh_mei_1186	0	0	0.043743048
T_INS_1468	1	1	0.9839902
PD_28294	0	0	0.21208093
A_INS_2223	0	0	0.023076179
A_INS_2227	0	0	0.023586748
DUP00018958	0	0	0.057003334
PD_28323	1	1	0.9575298
vh_mei_1187	0	1	0.5013965
A_INS_2234	0	0	0.021422267
PD_28359	0	1	0.6022936
vh_mei_1192	0	0	0.25382754
S_INS_3969	1	1	0.9712795
PD_28425	1	1	0.82375133
T_INS_1473	1	1	0.943482
T_INS_1474	1	1	0.9177934
A_INS_2243	0	0	0.070770875
T_INS_1475	1	1	0.97364026
PD_28435	1	0	0.49601677
vh_mei_1193	0	0	0.02407497
T_INS_1477	1	1	0.99363
DUP00019076	1	0	0.16588306
PD_28463	1	1	0.94112694
A_INS_2245	1	1	0.9301831
DUP00019090	0	0	0.16264673
vh_mei_1194	1	1	0.94875884
MantaINS:15:1487:1487:1:0:0	1	1	0.92320013
MantaINS:121771:0:0:0:0:0	1	1	0.881453
vh_mei_1195	0	0	0.043743048
T_INS_1480	1	1	0.99578387
vh_mei_1196	0	0	0.016753506
T_INS_1481	0	1	0.8961268
PD_28490	0	1	0.5429207
PD_28492	1	1	0.987949
T_INS_1483	1	1	0.988653
vh_mei_1197	1	1	0.97754806
PD_28518	1	1	0.85189104
vh_mei_1200	0	0	0.02407497
T_INS_1486	1	1	0.9942585
PD_28532	0	0	0.264015
DUP00019169	0	0	0.04197065
T_INS_1488	0	0	0.10096537
PD_28551	1	1	0.82184595
vh_mei_1202	1	1	0.96738416
PD_28560	0	0	0.3178515
T_INS_1492	1	1	0.989837
S_INS_3996	1	1	0.98833627
MantaINS:129719:0:0:0:2:0	1	1	0.8004198
MantaINS:129763:0:0:0:0:0	1	1	0.96951854
PD_28646	1	1	0.9911203
PD_28648	1	1	0.7000658
A_INS_2259	1	1	0.8839554
PD_28655	1	1	0.89284015
T_INS_1496	1	1	0.96967334
MantaINS:129867:0:0:0:0:0	1	1	0.96831495
PD_28709	1	1	0.9841919
MantaINS:130047:0:0:1:0:0	1	1	0.95652395
A_INS_2267	1	1	0.8839246
PD_28778	0	0	0.099031284
MantaINS:130272:0:0:0:0:0	1	1	0.9797214
MantaINS:130306:0:0:0:0:0	1	1	0.9492842
T_INS_1498	1	1	0.9755916
vh_mei_1204	1	1	0.98867935
T_INS_1500	1	1	0.98767287
PD_28838	0	0	0.24803379
PD_28840	1	1	0.8978668
PD_28846	1	1	0.9438344
vh_mei_1205	1	1	0.8483763
2921	0	0	0.15612656
PD_28885	0	0	0.375715
PD_28886	0	1	0.7091809
T_INS_1502	1	1	0.9956073
S_INS_4035	1	1	0.98983127
PD_28919	1	1	0.8601883
vh_mei_1206	0	1	0.8366099
MantaINS:131022:0:0:0:0:0	1	1	0.5619893
T_INS_1506	1	1	0.9932649
PD_28955	1	1	0.77836186
MantaINS:131100:0:0:0:0:0	1	1	0.9846295
MantaINS:131118:0:0:0:0:0	1	1	0.9530722
PD_28970	0	0	0.2591444
T_INS_1507	1	1	0.9867079
PD_28973	1	1	0.8566921
PD_28983	1	1	0.914753
T_INS_1508	1	1	0.96612597
vh_mei_1207	0	0	0.18992227
PD_29026	0	0	0.06512107
T_INS_1509	1	1	0.8659981
PD_29031	1	1	0.97064453
DUP00019541	0	0	0.11683139
T_INS_1510	0	0	0.086124286
T_INS_1512	1	1	0.97093564
PD_29040	1	1	0.9015571
T_INS_1513	1	1	0.89419866
T_INS_1514	1	1	0.825579
vh_mei_1209	1	1	0.97306424
T_INS_1516	1	1	0.96923584
vh_mei_1210	0	0	0.056128528
PD_29108	1	1	0.60369205
A_INS_2286	1	1	0.93659663
MantaINS:131850:0:0:0:0:0	1	1	0.9829191
MantaINS:131886:0:0:0:0:0	1	1	0.985927
vh_mei_1211	1	1	0.98501724
PD_29137	1	1	0.97967774
S_INS_4063	1	1	0.9452257
DUP00019632	0	0	0.27112153
T_INS_1518	1	1	0.9013734
vh_mei_1212	1	1	0.94412404
A_INS_2290	1	1	0.8782447
MantaINS:132170:0:0:0:0:0	1	1	0.9601479
PD_29189	1	1	0.61078125
vh_mei_1213	0	0	0.016753506
T_INS_1521	1	1	0.98180455
PD_29207	1	1	0.9757785
vh_mei_1214	1	1	0.9890731
S_INS_4080	0	0	0.15183684
vh_mei_1215	1	1	0.8387614
vh_mei_1216	1	1	0.98570734
T_INS_1525	1	1	0.95288104
S_INS_4087	1	1	0.9892314
PD_29330	1	1	0.8178042
vh_mei_1217	1	1	0.98053485
vh_mei_1218	1	1	0.9937895
vh_mei_1219	0	1	0.6696326
PD_29387	1	1	0.9359594
PD_29388	1	1	0.9765487
PD_29393	0	0	0.39409447
PD_29394	1	1	0.7862048
PD_29395	0	0	0.19504131
PD_29401	1	1	0.9796674
S_INS_4106	1	1	0.9779726
DUP00019828	0	0	0.11823126
PD_29422	0	0	0.20163147
A_INS_2302	0	0	0.014407739
PD_29434	0	0	0.2816968
PD_29454	0	1	0.718468
MantaINS:126177:0:0:0:0:0	1	1	0.97994995
A_INS_2304	1	1	0.965952
DUP00019871	0	0	0.35633057
T_INS_1533	0	0	0.04921734
PD_29464	0	0	0.09395944
PD_29466	1	1	0.9550503
A_INS_2308	0	0	0.053197116
PD_29475	1	1	0.9769573
A_INS_2309	1	1	0.7362395
DUP00019934	0	0	0.07557676
vh_mei_1223	1	1	0.718344
A_INS_2314	0	0	0.4506077
A_INS_2315	1	1	0.8371894
DUP00019942	0	0	0.2910278
A_INS_2317	1	1	0.6216735
vh_mei_1224	0	1	0.58175135
vh_mei_1225	1	1	0.5200775
PD_29518	1	1	0.93159616
PD_29524	1	1	0.6835926
PD_29528	0	1	0.93121517
PD_29536	0	0	0.09154809
A_INS_2325	0	0	0.012507555
vh_mei_1226	1	1	0.98575944
PD_29567	0	0	0.1733621
A_INS_2336	0	0	0.006501494
vh_mei_1227	0	1	0.5807469
MantaINS:126834:0:0:0:0:0	1	1	0.91021156
PD_29590	0	0	0.11555068
DUP00020049	0	0	0.07557676
DUP00020072	1	0	0.31196168
DUP00020082	0	0	0.07557676
MantaINS:127091:0:0:0:0:0	1	1	0.97177345
PD_29633	0	1	0.68650323
S_INS_4134	1	1	0.9654124
T_INS_1540	1	1	0.9768077
T_INS_1541	1	1	0.95544714
MantaINS:127308:1:1:0:1:0	1	1	0.9734928
A_INS_2355	0	0	0.02053144
PD_29688	1	1	0.6052875
MantaINS:127433:0:0:0:0:0	1	1	0.8805833
vh_mei_1229	0	0	0.28570455
vh_mei_1230	1	0	0.06668021
T_INS_1546	0	0	0.20401947
vh_mei_1232	0	0	0.0719098
PD_29770	1	1	0.7148851
vh_mei_1234	0	0	0.061992854
T_INS_1551	1	1	0.9499878
T_INS_1552	1	1	0.9887483
PD_29797	0	1	0.63862145
vh_mei_1235	1	1	0.557238
PD_29821	1	1	0.7689302
A_INS_2382	0	0	0.39247072
PD_29833	1	0	0.43711936
S_INS_4166	1	1	0.79493123
MantaINS:127967:0:0:0:0:0	1	1	0.9843907
vh_mei_1236	1	1	0.8284367
3029	1	1	0.5250689
MantaINS:128124:0:0:0:0:0	1	1	0.58204824
T_INS_1556	1	1	0.8979686
S_INS_4169	1	1	0.89992476
PD_29877	1	1	0.7815786
T_INS_1557	1	1	0.93376637
vh_mei_1237	1	1	0.90247226
vh_mei_1238	0	0	0.047651406
PD_29896	1	1	0.8171665
vh_mei_1239	0	1	0.7574639
vh_mei_1240	1	1	0.9868662
PD_29911	0	0	0.16408694
MantaINS:128310:0:0:1:0:1	1	1	0.91932297
T_INS_1561	1	1	0.9920237
A_INS_2400	0	0	0.18489935
PD_29924	1	1	0.8991499
PD_29925	1	1	0.6565078
MantaINS:128385:0:0:0:0:0	1	1	0.94376117
PD_29926	1	1	0.5466788
S_INS_4175	1	1	0.93192923
PD_29934	1	1	0.58426476
vh_mei_1241	0	1	0.7401983
PD_29948	1	1	0.94872594
A_INS_2411	0	0	0.06426968
A_INS_2413	0	0	0.11688578
vh_mei_1242	1	1	0.95779836
DUP00020414	0	0	0.2910278
MantaDUP:TANDEM:128587:0:1:0:1:0	1	1	0.70833355
 vh_dup_136	0	0	0.043743048
A_INS_2415	0	0	0.05942134
PD_29964	0	0	0.16555624
PD_29969	1	1	0.6794399
S_INS_4185	1	1	0.95905286
vh_mei_1243	1	1	0.9908975
T_INS_1565	1	1	0.8359018
A_INS_2418	1	1	0.92268
DUP00020442	0	0	0.2212507
S_INS_4187	1	1	0.96670556
A_INS_2422	0	0	0.07018177
vh_mei_1244	1	1	0.9291127
PD_30029	1	1	0.95456
A_INS_2425	0	0	0.0060408902
vh_mei_1245	0	0	0.41381425
S_INS_4192	1	1	0.78074914
DUP00020509	0	0	0.14806324
PD_30059	1	0	0.3851967
A_INS_2428	0	0	0.113192774
DUP00020534	1	0	0.2910278
vh_mei_1246	0	0	0.037887484
PD_30069	1	1	0.94625944
PD_30070	1	0	0.43253347
vh_mei_1247	0	0	0.30194017
S_INS_4207	1	1	0.8431635
A_INS_2435	0	0	0.012639289
vh_mei_1248	1	1	0.8654511
S_INS_4211	0	1	0.8628642
PD_30140	0	0	0.18902843
A_INS_2437	1	1	0.89511275
S_INS_4214	1	1	0.9430916
S_INS_4215	1	1	0.961655
A_INS_2438	1	1	0.7742735
MantaINS:129418:0:0:0:0:0	1	1	0.9623984
PD_30164	1	1	0.95286196
vh_mei_1249	1	1	0.9662555
vh_mei_1250	1	1	0.8974343
MantaINS:129546:0:0:1:0:0	1	1	0.990003
S_INS_4222	1	1	0.9722527
A_INS_2445	0	0	0.010457731
PD_30240	1	1	0.8242383
PD_30242	0	0	0.14035648
A_INS_2447	0	0	0.018707765
vh_mei_1251	1	1	0.9703552
T_INS_1572	1	1	0.9676097
A_INS_2454	1	1	0.9496105
vh_mei_1252	1	1	0.9151781
MantaINS:421:0:0:0:0:0	1	1	0.9087451
T_INS_1574	1	1	0.9872918
PD_30323	0	1	0.51361257
PD_30327	1	0	0.39710018
MantaINS:596:0:0:0:0:0	1	1	0.9783675
T_INS_1575	1	1	0.8240436
vh_mei_1253	0	0	0.13902329
T_INS_1577	1	1	0.9653513
PD_30372	1	1	0.9824066
DUP00020764	0	0	0.082177304
T_INS_1578	1	1	0.9934182
PD_30388	1	1	0.9702459
S_INS_4241	1	1	0.95753676
PD_30402	0	0	0.22617461
PD_30403	1	1	0.84590244
S_INS_4242	1	1	0.95554006
MantaINS:1076:0:0:0:0:0	1	1	0.9256879
T_INS_1579	1	1	0.9855666
PD_30433	0	0	0.3244973
T_INS_1580	1	1	0.8713446
PD_30451	1	1	0.9483961
MantaINS:1185:0:0:1:0:0	1	1	0.9468453
PD_30460	0	0	0.18131693
MantaINS:1224:0:0:0:0:0	0	1	0.9010639
DUP00020842	0	0	0.009468314
MantaINS:1366:0:0:0:0:0	1	1	0.9765643
A_INS_2474	1	1	0.8251962
PD_30528	1	1	0.9201768
S_INS_4256	1	1	0.9569066
A_INS_2479	0	0	0.0649574
A_INS_2481	1	1	0.9748366
S_INS_4262	1	1	0.9532812
A_INS_2482	0	1	0.5754367
PD_30559	1	1	0.91595536
PD_30562	1	1	0.6342982
vh_mei_1254	1	1	0.97042054
S_INS_4266	1	1	0.8930393
PD_30584	0	0	0.44493458
T_INS_1588	1	1	0.57892424
A_INS_2483	1	0	0.32001156
PD_30600	0	0	0.14737223
 vh_dup_141	0	0	0.0291545
T_INS_1589	1	1	0.98177665
vh_mei_1255	0	0	0.034352276
T_INS_1591	1	1	0.82396734
PD_30628	1	0	0.47386396
DUP00021003	1	0	0.38847566
vh_mei_1256	1	1	0.90315396
PD_30653	0	0	0.08589663
T_INS_1593	1	1	0.9930754
vh_mei_1257	1	1	0.72508657
PD_30664	1	1	0.9432834
S_INS_4285	1	1	0.9631396
vh_mei_1258	1	1	0.96319515
vh_mei_1259	0	0	0.046686646
T_INS_1596	1	1	0.9902171
A_INS_2498	0	0	0.045945544
vh_mei_1261	1	1	0.779012
MantaINS:2660:0:0:0:0:0	1	1	0.9856542
PD_30706	1	0	0.22577222
MantaINS:2694:0:0:1:0:0	1	1	0.97838986
T_INS_1597	1	1	0.9704442
PD_30720	1	1	0.61112994
A_INS_2503	0	0	0.030175328
A_INS_2504	0	0	0.30198884
A_INS_2505	0	0	0.34724164
DUP00021083	0	0	0.1331698
PD_30747	1	1	0.8240117
PD_30749	1	0	0.38009503
PD_30751	0	0	0.2607085
DUP00021103	0	0	0.26772526
MantaINS:2943:0:0:0:0:0	1	1	0.9526965
S_INS_4296	1	1	0.9109999
PD_30773	0	1	0.60451454
MantaINS:2948:0:0:0:1:0	1	1	0.81047213
PD_30776	0	1	0.80464435
A_INS_2509	0	1	0.876675
DUP00021114	0	0	0.059604753
A_INS_2513	1	1	0.87731445
PD_30793	1	1	0.9451013
DUP00021152	0	0	0.034579754
DUP00021163	0	0	0.05266107
 vh_dup_144	0	0	0.04235607
A_INS_2517	0	0	0.013614321
vh_mei_1262	0	0	0.038518976
T_INS_1600	1	1	0.9944957
PD_30822	1	1	0.888407
MantaINS:3637:0:0:0:0:0	1	1	0.98855793
T_INS_1604	1	1	0.9711468
T_INS_1605	1	1	0.987258
vh_mei_1264	1	1	0.97171277
S_INS_4333	1	1	0.97279286
vh_mei_1265	0	0	0.061992854
T_INS_1607	1	1	0.9661478
MantaINS:3748:0:0:0:0:0	1	1	0.95194435
vh_mei_1266	1	0	0.4929233
vh_mei_1267	1	1	0.8111432
PD_31215	1	1	0.98729545
PD_31216	0	0	0.32453838
T_INS_1609	1	1	0.9506846
MantaINS:3884:0:0:0:0:1	1	1	0.94035995
MantaINS:3878:0:0:0:0:0	1	1	0.8878257
PD_31246	0	0	0.34468424
MantaINS:3900:0:0:0:1:0	1	1	0.9101146
T_INS_1611	1	1	0.9836759
T_INS_1613	1	1	0.85290927
MantaINS:4003:0:0:0:0:0	1	1	0.97609144
PD_31300	0	0	0.15770863
S_INS_4347	1	1	0.98623616
vh_mei_1268	1	1	0.6388668
T_INS_1615	1	1	0.9899525
INS00021352	1	1	0.84183633
T_INS_1617	1	1	0.8602161
T_INS_1618	1	1	0.9849997
PD_31361	1	1	0.97454065
vh_mei_1269	0	1	0.59596324
A_INS_2563	1	1	0.9405683
PD_31384	0	0	0.18521616
vh_mei_1270	1	1	0.98880297
MantaINS:4442:0:0:0:0:0	0	0	0.23650625
PD_31430	1	1	0.6937043
T_INS_1622	1	1	0.97590536
MantaINS:4492:0:0:0:0:0	1	1	0.9677064
vh_mei_1271	1	1	0.9669926
PD_31450	0	0	0.06841704
PD_31452	1	1	0.78925663
PD_31508	1	1	0.87502307
vh_mei_1272	1	1	0.6270609
A_INS_2570	0	1	0.6716423
S_INS_4364	1	1	0.9924097
A_INS_2571	1	1	0.9695165
A_INS_2573	0	0	0.019724729
PD_31538	1	1	0.7347402
PD_31555	1	1	0.91228616
A_INS_2577	0	0	0.36446252
T_INS_1626	1	1	0.89738816
MantaINS:5140:0:0:0:0:1	1	1	0.97871166
PD_31600	1	1	0.9475407
vh_mei_1273	1	1	0.99381506
PD_31603	1	1	0.97646993
PD_31606	1	1	0.9429916
PD_31620	0	0	0.19524463
PD_31622	1	1	0.86324364
PD_31630	0	0	0.43780902
DUP00021538	0	1	0.6037858
PD_31634	0	0	0.30393574
MantaINS:15:141:141:0:0:0	1	1	0.9592383
PD_31649	1	1	0.86046416
MantaINS:15:146:146:0:0:0	0	1	0.66470736
T_INS_1632	0	0	0.07206567
DUP00021553	0	0	0.08254986
A_INS_2584	0	0	0.11671187
MantaINS:5297:0:0:0:0:1	0	1	0.8564129
PD_31659	0	1	0.82659984
DUP00021568	0	0	0.07226989
A_INS_2585	0	0	0.089214124
PD_31667	1	1	0.7533496
T_INS_1636	1	1	0.99504614
MantaINS:5531:0:0:0:0:0	1	1	0.90641755
T_INS_1637	0	1	0.6579802
S_INS_4402	1	1	0.98633415
DUP00021622	0	0	0.13176934
T_INS_1638	1	1	0.9809862
A_INS_2594	1	1	0.9377041
PD_31770	0	0	0.11483449
PD_31796	1	1	0.92604065
T_INS_1640	1	1	0.94623786
MantaINS:5929:0:0:0:0:0	1	1	0.8335138
MantaINS:5925:0:0:0:0:0	1	1	0.9648735
A_INS_2603	0	1	0.6267011
PD_31847	0	0	0.33811736
PD_31867	1	1	0.7795375
PD_31875	1	1	0.9331141
PD_31876	1	1	0.9582181
T_INS_1645	1	1	0.8975933
PD_31881	0	1	0.5851881
DUP00021759	1	1	0.56871516
A_INS_2610	1	1	0.9470229
vh_mei_1277	0	0	0.062325593
T_INS_1646	1	1	0.98747456
PD_31909	1	1	0.9799272
MantaINS:6535:0:0:0:0:0	1	1	0.97517484
vh_mei_1278	1	1	0.977535
3199	0	0	0.15612656
PD_31934	0	0	0.30025008
A_INS_2616	0	0	0.030123001
T_INS_1650	1	1	0.89895844
A_INS_2618	0	0	0.022633487
vh_mei_1279	0	0	0.016753506
T_INS_1651	1	1	0.8396506
A_INS_2619	0	0	0.032316778
A_INS_2620	0	0	0.042282417
T_INS_1654	0	0	0.1963911
T_INS_1655	1	1	0.8736993
T_INS_1658	0	0	0.2801758
S_INS_4438	1	1	0.98713255
A_INS_2631	0	0	0.14476842
PD_32028	1	1	0.9665759
PD_32030	1	1	0.8846009
A_INS_2634	1	0	0.39104623
S_INS_4445	1	1	0.9732588
MantaDUP:TANDEM:7160:0:1:0:0:0	0	0	0.22591159
A_INS_2637	0	0	0.26020557
S_INS_4452	1	1	0.93942165
PD_32059	0	0	0.39679247
T_INS_1661	1	1	0.9287842
PD_32074	0	0	0.07956396
DUP00021958	0	0	0.012733763
PD_32084	1	0	0.27198398
PD_32086	1	1	0.97742224
T_INS_1662	1	1	0.89134157
MantaINS:7427:0:0:1:0:0	1	1	0.9527906
PD_32104	1	1	0.9623496
MantaDUP:TANDEM:7442:0:2:0:0:0	0	0	0.17616615
A_INS_2641	0	0	0.16007204
PD_32106	0	1	0.56503886
A_INS_2643	1	1	0.9051293
vh_mei_1280	0	1	0.584173
